Command line invocation:
    /Applications/Xcode_16.4.app/Contents/Developer/usr/bin/xcodebuild -project iosApp/iosApp.xcodeproj -scheme iosApp -configuration Debug -sdk iphoneos -destination generic/platform=iOS -derivedDataPath build/ios-device CODE_SIGNING_ALLOWED=NO build

Build settings from command line:
    CODE_SIGNING_ALLOWED = NO
    SDKROOT = iphoneos18.5

Resolve Package Graph


Resolved source packages:
  MPVKit: /Users/runner/work/Nuvio-Xiec/Nuvio-Xiec/MPVKit @ local

ComputePackagePrebuildTargetDependencyGraph

Prepare packages

CreateBuildRequest

SendProjectDescription

CreateBuildOperation

ComputeTargetDependencyGraph
note: Building targets in dependency order
note: Target dependency graph (5 targets)
    Target 'iosApp' in project 'iosApp'
        ➜ Explicit dependency on target 'DownloadsWidgetExtension' in project 'iosApp'
        ➜ Explicit dependency on target 'MPVKit' in project 'MPVKit'
    Target 'MPVKit' in project 'MPVKit'
        ➜ Explicit dependency on target '_MPVKit' in project 'MPVKit'
        ➜ Explicit dependency on target '_FFmpeg' in project 'MPVKit'
    Target '_MPVKit' in project 'MPVKit'
        ➜ Explicit dependency on target '_FFmpeg' in project 'MPVKit'
    Target '_FFmpeg' in project 'MPVKit' (no dependencies)
    Target 'DownloadsWidgetExtension' in project 'iosApp' (no dependencies)

GatherProvisioningInputs

CreateBuildDescription

ExecuteExternalTool /Applications/Xcode_16.4.app/Contents/Developer/Toolchains/XcodeDefault.xctoolchain/usr/bin/swiftc --version

ExecuteExternalTool /Applications/Xcode_16.4.app/Contents/Developer/Toolchains/XcodeDefault.xctoolchain/usr/bin/clang -v -E -dM -arch arm64 -isysroot /Applications/Xcode_16.4.app/Contents/Developer/Platforms/iPhoneOS.platform/Developer/SDKs/iPhoneOS18.5.sdk -x c -c /dev/null

ExecuteExternalTool /Applications/Xcode_16.4.app/Contents/Developer/Toolchains/XcodeDefault.xctoolchain/usr/bin/clang -v -E -dM -arch arm64 -isysroot /Applications/Xcode_16.4.app/Contents/Developer/Platforms/iPhoneOS.platform/Developer/SDKs/iPhoneOS18.5.sdk -x objective-c -c /dev/null

ExecuteExternalTool /Applications/Xcode_16.4.app/Contents/Developer/Toolchains/XcodeDefault.xctoolchain/usr/bin/clang -v -E -dM -isysroot /Applications/Xcode_16.4.app/Contents/Developer/Platforms/iPhoneOS.platform/Developer/SDKs/iPhoneOS18.5.sdk -x c -c /dev/null

ExecuteExternalTool /Applications/Xcode_16.4.app/Contents/Developer/usr/bin/actool --print-asset-tag-combinations --output-format xml1 /Users/runner/work/Nuvio-Xiec/Nuvio-Xiec/iosApp/iosApp/Preview Content/Preview Assets.xcassets /Users/runner/work/Nuvio-Xiec/Nuvio-Xiec/iosApp/iosApp/Assets.xcassets

ExecuteExternalTool /Applications/Xcode_16.4.app/Contents/Developer/Toolchains/XcodeDefault.xctoolchain/usr/bin/ld -version_details

ExecuteExternalTool /Applications/Xcode_16.4.app/Contents/Developer/usr/bin/actool --version --output-format xml1

Build description signature: 4428f4bf4b5ee184804663e693671466
Build description path: /Users/runner/work/Nuvio-Xiec/Nuvio-Xiec/build/ios-device/Build/Intermediates.noindex/XCBuildData/4428f4bf4b5ee184804663e693671466.xcbuilddata
ClangStatCache /Applications/Xcode_16.4.app/Contents/Developer/Toolchains/XcodeDefault.xctoolchain/usr/bin/clang-stat-cache /Applications/Xcode_16.4.app/Contents/Developer/Platforms/iPhoneOS.platform/Developer/SDKs/iPhoneOS18.5.sdk /Users/runner/work/Nuvio-Xiec/Nuvio-Xiec/build/ios-device/SDKStatCaches.noindex/iphoneos18.5-22F76-a529daf784b3616c7c04a36aeb7f5c05.sdkstatcache
    cd /Users/runner/work/Nuvio-Xiec/Nuvio-Xiec/iosApp/iosApp.xcodeproj
    /Applications/Xcode_16.4.app/Contents/Developer/Toolchains/XcodeDefault.xctoolchain/usr/bin/clang-stat-cache /Applications/Xcode_16.4.app/Contents/Developer/Platforms/iPhoneOS.platform/Developer/SDKs/iPhoneOS18.5.sdk -o /Users/runner/work/Nuvio-Xiec/Nuvio-Xiec/build/ios-device/SDKStatCaches.noindex/iphoneos18.5-22F76-a529daf784b3616c7c04a36aeb7f5c05.sdkstatcache

CreateBuildDirectory /Users/runner/work/Nuvio-Xiec/Nuvio-Xiec/build/ios-device/Build/Products
    cd /Users/runner/work/Nuvio-Xiec/Nuvio-Xiec/iosApp/iosApp.xcodeproj
    builtin-create-build-directory /Users/runner/work/Nuvio-Xiec/Nuvio-Xiec/build/ios-device/Build/Products

CreateBuildDirectory /Users/runner/work/Nuvio-Xiec/Nuvio-Xiec/build/ios-device/Build/Intermediates.noindex
    cd /Users/runner/work/Nuvio-Xiec/Nuvio-Xiec/iosApp/iosApp.xcodeproj
    builtin-create-build-directory /Users/runner/work/Nuvio-Xiec/Nuvio-Xiec/build/ios-device/Build/Intermediates.noindex

CreateBuildDirectory /Users/runner/work/Nuvio-Xiec/Nuvio-Xiec/build/ios-device/Build/Products/Debug-iphoneos
    cd /Users/runner/work/Nuvio-Xiec/Nuvio-Xiec/iosApp/iosApp.xcodeproj
    builtin-create-build-directory /Users/runner/work/Nuvio-Xiec/Nuvio-Xiec/build/ios-device/Build/Products/Debug-iphoneos

WriteAuxiliaryFile /Users/runner/work/Nuvio-Xiec/Nuvio-Xiec/build/ios-device/Build/Intermediates.noindex/iosApp.build/Debug-iphoneos/iosApp-7b79493a8b7fc1f2fff3c51cd12ba024-VFS-iphoneos/all-product-headers.yaml
    cd /Users/runner/work/Nuvio-Xiec/Nuvio-Xiec/iosApp/iosApp.xcodeproj
    write-file /Users/runner/work/Nuvio-Xiec/Nuvio-Xiec/build/ios-device/Build/Intermediates.noindex/iosApp.build/Debug-iphoneos/iosApp-7b79493a8b7fc1f2fff3c51cd12ba024-VFS-iphoneos/all-product-headers.yaml

CreateBuildDirectory /Users/runner/work/Nuvio-Xiec/Nuvio-Xiec/build/ios-device/Build/Intermediates.noindex/EagerLinkingTBDs/Debug-iphoneos
    cd /Users/runner/work/Nuvio-Xiec/Nuvio-Xiec/iosApp/iosApp.xcodeproj
    builtin-create-build-directory /Users/runner/work/Nuvio-Xiec/Nuvio-Xiec/build/ios-device/Build/Intermediates.noindex/EagerLinkingTBDs/Debug-iphoneos

CreateBuildDirectory /Users/runner/work/Nuvio-Xiec/Nuvio-Xiec/build/ios-device/Build/Products/Debug-iphoneos/PackageFrameworks
    cd /Users/runner/work/Nuvio-Xiec/Nuvio-Xiec/iosApp/iosApp.xcodeproj
    builtin-create-build-directory /Users/runner/work/Nuvio-Xiec/Nuvio-Xiec/build/ios-device/Build/Products/Debug-iphoneos/PackageFrameworks

WriteAuxiliaryFile /Users/runner/work/Nuvio-Xiec/Nuvio-Xiec/build/ios-device/Build/Intermediates.noindex/iosApp.build/Debug-iphoneos/DownloadsWidgetExtension.build/Objects-normal/arm64/DownloadsWidgetExtension_const_extract_protocols.json (in target 'DownloadsWidgetExtension' from project 'iosApp')
    cd /Users/runner/work/Nuvio-Xiec/Nuvio-Xiec/iosApp
    write-file /Users/runner/work/Nuvio-Xiec/Nuvio-Xiec/build/ios-device/Build/Intermediates.noindex/iosApp.build/Debug-iphoneos/DownloadsWidgetExtension.build/Objects-normal/arm64/DownloadsWidgetExtension_const_extract_protocols.json

WriteAuxiliaryFile /Users/runner/work/Nuvio-Xiec/Nuvio-Xiec/build/ios-device/Build/Intermediates.noindex/iosApp.build/Debug-iphoneos/DownloadsWidgetExtension.build/Objects-normal/arm64/DownloadsWidgetExtension.SwiftFileList (in target 'DownloadsWidgetExtension' from project 'iosApp')
    cd /Users/runner/work/Nuvio-Xiec/Nuvio-Xiec/iosApp
    write-file /Users/runner/work/Nuvio-Xiec/Nuvio-Xiec/build/ios-device/Build/Intermediates.noindex/iosApp.build/Debug-iphoneos/DownloadsWidgetExtension.build/Objects-normal/arm64/DownloadsWidgetExtension.SwiftFileList

WriteAuxiliaryFile /Users/runner/work/Nuvio-Xiec/Nuvio-Xiec/build/ios-device/Build/Intermediates.noindex/iosApp.build/Debug-iphoneos/DownloadsWidgetExtension.build/Objects-normal/arm64/DownloadsWidgetExtension.SwiftConstValuesFileList (in target 'DownloadsWidgetExtension' from project 'iosApp')
    cd /Users/runner/work/Nuvio-Xiec/Nuvio-Xiec/iosApp
    write-file /Users/runner/work/Nuvio-Xiec/Nuvio-Xiec/build/ios-device/Build/Intermediates.noindex/iosApp.build/Debug-iphoneos/DownloadsWidgetExtension.build/Objects-normal/arm64/DownloadsWidgetExtension.SwiftConstValuesFileList

WriteAuxiliaryFile /Users/runner/work/Nuvio-Xiec/Nuvio-Xiec/build/ios-device/Build/Intermediates.noindex/iosApp.build/Debug-iphoneos/DownloadsWidgetExtension.build/Objects-normal/arm64/DownloadsWidgetExtension.LinkFileList (in target 'DownloadsWidgetExtension' from project 'iosApp')
    cd /Users/runner/work/Nuvio-Xiec/Nuvio-Xiec/iosApp
    write-file /Users/runner/work/Nuvio-Xiec/Nuvio-Xiec/build/ios-device/Build/Intermediates.noindex/iosApp.build/Debug-iphoneos/DownloadsWidgetExtension.build/Objects-normal/arm64/DownloadsWidgetExtension.LinkFileList

WriteAuxiliaryFile /Users/runner/work/Nuvio-Xiec/Nuvio-Xiec/build/ios-device/Build/Intermediates.noindex/iosApp.build/Debug-iphoneos/DownloadsWidgetExtension.build/Objects-normal/arm64/DownloadsWidgetExtension-OutputFileMap.json (in target 'DownloadsWidgetExtension' from project 'iosApp')
    cd /Users/runner/work/Nuvio-Xiec/Nuvio-Xiec/iosApp
    write-file /Users/runner/work/Nuvio-Xiec/Nuvio-Xiec/build/ios-device/Build/Intermediates.noindex/iosApp.build/Debug-iphoneos/DownloadsWidgetExtension.build/Objects-normal/arm64/DownloadsWidgetExtension-OutputFileMap.json

WriteAuxiliaryFile /Users/runner/work/Nuvio-Xiec/Nuvio-Xiec/build/ios-device/Build/Intermediates.noindex/iosApp.build/Debug-iphoneos/DownloadsWidgetExtension.build/DownloadsWidgetExtension.hmap (in target 'DownloadsWidgetExtension' from project 'iosApp')
    cd /Users/runner/work/Nuvio-Xiec/Nuvio-Xiec/iosApp
    write-file /Users/runner/work/Nuvio-Xiec/Nuvio-Xiec/build/ios-device/Build/Intermediates.noindex/iosApp.build/Debug-iphoneos/DownloadsWidgetExtension.build/DownloadsWidgetExtension.hmap

WriteAuxiliaryFile /Users/runner/work/Nuvio-Xiec/Nuvio-Xiec/build/ios-device/Build/Intermediates.noindex/iosApp.build/Debug-iphoneos/DownloadsWidgetExtension.build/DownloadsWidgetExtension.DependencyStaticMetadataFileList (in target 'DownloadsWidgetExtension' from project 'iosApp')
    cd /Users/runner/work/Nuvio-Xiec/Nuvio-Xiec/iosApp
    write-file /Users/runner/work/Nuvio-Xiec/Nuvio-Xiec/build/ios-device/Build/Intermediates.noindex/iosApp.build/Debug-iphoneos/DownloadsWidgetExtension.build/DownloadsWidgetExtension.DependencyStaticMetadataFileList

WriteAuxiliaryFile /Users/runner/work/Nuvio-Xiec/Nuvio-Xiec/build/ios-device/Build/Intermediates.noindex/iosApp.build/Debug-iphoneos/DownloadsWidgetExtension.build/DownloadsWidgetExtension.DependencyMetadataFileList (in target 'DownloadsWidgetExtension' from project 'iosApp')
    cd /Users/runner/work/Nuvio-Xiec/Nuvio-Xiec/iosApp
    write-file /Users/runner/work/Nuvio-Xiec/Nuvio-Xiec/build/ios-device/Build/Intermediates.noindex/iosApp.build/Debug-iphoneos/DownloadsWidgetExtension.build/DownloadsWidgetExtension.DependencyMetadataFileList

WriteAuxiliaryFile /Users/runner/work/Nuvio-Xiec/Nuvio-Xiec/build/ios-device/Build/Intermediates.noindex/iosApp.build/Debug-iphoneos/DownloadsWidgetExtension.build/DownloadsWidgetExtension-project-headers.hmap (in target 'DownloadsWidgetExtension' from project 'iosApp')
    cd /Users/runner/work/Nuvio-Xiec/Nuvio-Xiec/iosApp
    write-file /Users/runner/work/Nuvio-Xiec/Nuvio-Xiec/build/ios-device/Build/Intermediates.noindex/iosApp.build/Debug-iphoneos/DownloadsWidgetExtension.build/DownloadsWidgetExtension-project-headers.hmap

WriteAuxiliaryFile /Users/runner/work/Nuvio-Xiec/Nuvio-Xiec/build/ios-device/Build/Intermediates.noindex/iosApp.build/Debug-iphoneos/DownloadsWidgetExtension.build/DownloadsWidgetExtension-own-target-headers.hmap (in target 'DownloadsWidgetExtension' from project 'iosApp')
    cd /Users/runner/work/Nuvio-Xiec/Nuvio-Xiec/iosApp
    write-file /Users/runner/work/Nuvio-Xiec/Nuvio-Xiec/build/ios-device/Build/Intermediates.noindex/iosApp.build/Debug-iphoneos/DownloadsWidgetExtension.build/DownloadsWidgetExtension-own-target-headers.hmap

WriteAuxiliaryFile /Users/runner/work/Nuvio-Xiec/Nuvio-Xiec/build/ios-device/Build/Intermediates.noindex/iosApp.build/Debug-iphoneos/DownloadsWidgetExtension.build/DownloadsWidgetExtension-generated-files.hmap (in target 'DownloadsWidgetExtension' from project 'iosApp')
    cd /Users/runner/work/Nuvio-Xiec/Nuvio-Xiec/iosApp
    write-file /Users/runner/work/Nuvio-Xiec/Nuvio-Xiec/build/ios-device/Build/Intermediates.noindex/iosApp.build/Debug-iphoneos/DownloadsWidgetExtension.build/DownloadsWidgetExtension-generated-files.hmap

WriteAuxiliaryFile /Users/runner/work/Nuvio-Xiec/Nuvio-Xiec/build/ios-device/Build/Intermediates.noindex/iosApp.build/Debug-iphoneos/DownloadsWidgetExtension.build/DownloadsWidgetExtension-all-target-headers.hmap (in target 'DownloadsWidgetExtension' from project 'iosApp')
    cd /Users/runner/work/Nuvio-Xiec/Nuvio-Xiec/iosApp
    write-file /Users/runner/work/Nuvio-Xiec/Nuvio-Xiec/build/ios-device/Build/Intermediates.noindex/iosApp.build/Debug-iphoneos/DownloadsWidgetExtension.build/DownloadsWidgetExtension-all-target-headers.hmap

WriteAuxiliaryFile /Users/runner/work/Nuvio-Xiec/Nuvio-Xiec/build/ios-device/Build/Intermediates.noindex/iosApp.build/Debug-iphoneos/DownloadsWidgetExtension.build/DownloadsWidgetExtension-all-non-framework-target-headers.hmap (in target 'DownloadsWidgetExtension' from project 'iosApp')
    cd /Users/runner/work/Nuvio-Xiec/Nuvio-Xiec/iosApp
    write-file /Users/runner/work/Nuvio-Xiec/Nuvio-Xiec/build/ios-device/Build/Intermediates.noindex/iosApp.build/Debug-iphoneos/DownloadsWidgetExtension.build/DownloadsWidgetExtension-all-non-framework-target-headers.hmap

WriteAuxiliaryFile /Users/runner/work/Nuvio-Xiec/Nuvio-Xiec/build/ios-device/Build/Intermediates.noindex/iosApp.build/Debug-iphoneos/DownloadsWidgetExtension.build/DownloadsWidgetExtension-DebugEntryPoint-normal-arm64.txt (in target 'DownloadsWidgetExtension' from project 'iosApp')
    cd /Users/runner/work/Nuvio-Xiec/Nuvio-Xiec/iosApp
    write-file /Users/runner/work/Nuvio-Xiec/Nuvio-Xiec/build/ios-device/Build/Intermediates.noindex/iosApp.build/Debug-iphoneos/DownloadsWidgetExtension.build/DownloadsWidgetExtension-DebugEntryPoint-normal-arm64.txt

WriteAuxiliaryFile /Users/runner/work/Nuvio-Xiec/Nuvio-Xiec/build/ios-device/Build/Intermediates.noindex/iosApp.build/Debug-iphoneos/DownloadsWidgetExtension.build/DownloadsWidgetExtension-DebugDylibPath-normal-arm64.txt (in target 'DownloadsWidgetExtension' from project 'iosApp')
    cd /Users/runner/work/Nuvio-Xiec/Nuvio-Xiec/iosApp
    write-file /Users/runner/work/Nuvio-Xiec/Nuvio-Xiec/build/ios-device/Build/Intermediates.noindex/iosApp.build/Debug-iphoneos/DownloadsWidgetExtension.build/DownloadsWidgetExtension-DebugDylibPath-normal-arm64.txt

WriteAuxiliaryFile /Users/runner/work/Nuvio-Xiec/Nuvio-Xiec/build/ios-device/Build/Intermediates.noindex/iosApp.build/Debug-iphoneos/DownloadsWidgetExtension.build/DownloadsWidgetExtension-DebugDylibInstallName-normal-arm64.txt (in target 'DownloadsWidgetExtension' from project 'iosApp')
    cd /Users/runner/work/Nuvio-Xiec/Nuvio-Xiec/iosApp
    write-file /Users/runner/work/Nuvio-Xiec/Nuvio-Xiec/build/ios-device/Build/Intermediates.noindex/iosApp.build/Debug-iphoneos/DownloadsWidgetExtension.build/DownloadsWidgetExtension-DebugDylibInstallName-normal-arm64.txt

MkDir /Users/runner/work/Nuvio-Xiec/Nuvio-Xiec/build/ios-device/Build/Products/Debug-iphoneos/DownloadsWidgetExtension.appex (in target 'DownloadsWidgetExtension' from project 'iosApp')
    cd /Users/runner/work/Nuvio-Xiec/Nuvio-Xiec/iosApp
    /bin/mkdir -p /Users/runner/work/Nuvio-Xiec/Nuvio-Xiec/build/ios-device/Build/Products/Debug-iphoneos/DownloadsWidgetExtension.appex

ProcessXCFramework /Users/runner/work/Nuvio-Xiec/Nuvio-Xiec/build/ios-device/SourcePackages/artifacts/mpvkit/MoltenVK/MoltenVK.xcframework /Users/runner/work/Nuvio-Xiec/Nuvio-Xiec/build/ios-device/Build/Products/Debug-iphoneos/libMoltenVK.a ios
    cd /Users/runner/work/Nuvio-Xiec/Nuvio-Xiec/iosApp/iosApp.xcodeproj
    builtin-process-xcframework --xcframework /Users/runner/work/Nuvio-Xiec/Nuvio-Xiec/build/ios-device/SourcePackages/artifacts/mpvkit/MoltenVK/MoltenVK.xcframework --platform ios --target-path /Users/runner/work/Nuvio-Xiec/Nuvio-Xiec/build/ios-device/Build/Products/Debug-iphoneos

Ld /Users/runner/work/Nuvio-Xiec/Nuvio-Xiec/build/ios-device/Build/Products/Debug-iphoneos/DownloadsWidgetExtension.appex/__preview.dylib normal (in target 'DownloadsWidgetExtension' from project 'iosApp')
    cd /Users/runner/work/Nuvio-Xiec/Nuvio-Xiec/iosApp
    /Applications/Xcode_16.4.app/Contents/Developer/Toolchains/XcodeDefault.xctoolchain/usr/bin/clang -Xlinker -reproducible -target arm64-apple-ios16.1 -dynamiclib -isysroot /Applications/Xcode_16.4.app/Contents/Developer/Platforms/iPhoneOS.platform/Developer/SDKs/iPhoneOS18.5.sdk -O0 -L/Users/runner/work/Nuvio-Xiec/Nuvio-Xiec/build/ios-device/Build/Products/Debug-iphoneos -F/Users/runner/work/Nuvio-Xiec/Nuvio-Xiec/build/ios-device/Build/Products/Debug-iphoneos -install_name @rpath/DownloadsWidgetExtension.debug.dylib -dead_strip -rdynamic -Xlinker -no_deduplicate -Xlinker -dependency_info -Xlinker /Users/runner/work/Nuvio-Xiec/Nuvio-Xiec/build/ios-device/Build/Intermediates.noindex/iosApp.build/Debug-iphoneos/DownloadsWidgetExtension.build/Objects-normal/arm64/DownloadsWidgetExtension_dependency_info.dat -o /Users/runner/work/Nuvio-Xiec/Nuvio-Xiec/build/ios-device/Build/Products/Debug-iphoneos/DownloadsWidgetExtension.appex/__preview.dylib

ProcessInfoPlistFile /Users/runner/work/Nuvio-Xiec/Nuvio-Xiec/build/ios-device/Build/Products/Debug-iphoneos/DownloadsWidgetExtension.appex/Info.plist /Users/runner/work/Nuvio-Xiec/Nuvio-Xiec/iosApp/DownloadsWidgetExtension/Info.plist (in target 'DownloadsWidgetExtension' from project 'iosApp')
    cd /Users/runner/work/Nuvio-Xiec/Nuvio-Xiec/iosApp
    builtin-infoPlistUtility /Users/runner/work/Nuvio-Xiec/Nuvio-Xiec/iosApp/DownloadsWidgetExtension/Info.plist -producttype com.apple.product-type.app-extension -expandbuildsettings -format binary -platform iphoneos -requiredArchitecture arm64 -o /Users/runner/work/Nuvio-Xiec/Nuvio-Xiec/build/ios-device/Build/Products/Debug-iphoneos/DownloadsWidgetExtension.appex/Info.plist

ProcessXCFramework /Users/runner/work/Nuvio-Xiec/Nuvio-Xiec/build/ios-device/SourcePackages/artifacts/mpvkit/nettle/nettle.xcframework /Users/runner/work/Nuvio-Xiec/Nuvio-Xiec/build/ios-device/Build/Products/Debug-iphoneos/nettle.framework ios
    cd /Users/runner/work/Nuvio-Xiec/Nuvio-Xiec/iosApp/iosApp.xcodeproj
    builtin-process-xcframework --xcframework /Users/runner/work/Nuvio-Xiec/Nuvio-Xiec/build/ios-device/SourcePackages/artifacts/mpvkit/nettle/nettle.xcframework --platform ios --target-path /Users/runner/work/Nuvio-Xiec/Nuvio-Xiec/build/ios-device/Build/Products/Debug-iphoneos

ProcessXCFramework /Users/runner/work/Nuvio-Xiec/Nuvio-Xiec/build/ios-device/SourcePackages/artifacts/mpvkit/lcms2/lcms2.xcframework /Users/runner/work/Nuvio-Xiec/Nuvio-Xiec/build/ios-device/Build/Products/Debug-iphoneos/lcms2.framework ios
    cd /Users/runner/work/Nuvio-Xiec/Nuvio-Xiec/iosApp/iosApp.xcodeproj
    builtin-process-xcframework --xcframework /Users/runner/work/Nuvio-Xiec/Nuvio-Xiec/build/ios-device/SourcePackages/artifacts/mpvkit/lcms2/lcms2.xcframework --platform ios --target-path /Users/runner/work/Nuvio-Xiec/Nuvio-Xiec/build/ios-device/Build/Products/Debug-iphoneos

ProcessXCFramework /Users/runner/work/Nuvio-Xiec/Nuvio-Xiec/build/ios-device/SourcePackages/artifacts/mpvkit/hogweed/hogweed.xcframework /Users/runner/work/Nuvio-Xiec/Nuvio-Xiec/build/ios-device/Build/Products/Debug-iphoneos/hogweed.framework ios
    cd /Users/runner/work/Nuvio-Xiec/Nuvio-Xiec/iosApp/iosApp.xcodeproj
    builtin-process-xcframework --xcframework /Users/runner/work/Nuvio-Xiec/Nuvio-Xiec/build/ios-device/SourcePackages/artifacts/mpvkit/hogweed/hogweed.xcframework --platform ios --target-path /Users/runner/work/Nuvio-Xiec/Nuvio-Xiec/build/ios-device/Build/Products/Debug-iphoneos

ProcessXCFramework /Users/runner/work/Nuvio-Xiec/Nuvio-Xiec/build/ios-device/SourcePackages/artifacts/mpvkit/gnutls/gnutls.xcframework /Users/runner/work/Nuvio-Xiec/Nuvio-Xiec/build/ios-device/Build/Products/Debug-iphoneos/gnutls.framework ios
    cd /Users/runner/work/Nuvio-Xiec/Nuvio-Xiec/iosApp/iosApp.xcodeproj
    builtin-process-xcframework --xcframework /Users/runner/work/Nuvio-Xiec/Nuvio-Xiec/build/ios-device/SourcePackages/artifacts/mpvkit/gnutls/gnutls.xcframework --platform ios --target-path /Users/runner/work/Nuvio-Xiec/Nuvio-Xiec/build/ios-device/Build/Products/Debug-iphoneos

ProcessXCFramework /Users/runner/work/Nuvio-Xiec/Nuvio-Xiec/build/ios-device/SourcePackages/artifacts/mpvkit/gmp/gmp.xcframework /Users/runner/work/Nuvio-Xiec/Nuvio-Xiec/build/ios-device/Build/Products/Debug-iphoneos/gmp.framework ios
    cd /Users/runner/work/Nuvio-Xiec/Nuvio-Xiec/iosApp/iosApp.xcodeproj
    builtin-process-xcframework --xcframework /Users/runner/work/Nuvio-Xiec/Nuvio-Xiec/build/ios-device/SourcePackages/artifacts/mpvkit/gmp/gmp.xcframework --platform ios --target-path /Users/runner/work/Nuvio-Xiec/Nuvio-Xiec/build/ios-device/Build/Products/Debug-iphoneos

ProcessXCFramework /Users/runner/work/Nuvio-Xiec/Nuvio-Xiec/build/ios-device/SourcePackages/artifacts/mpvkit/Libunibreak/Libunibreak.xcframework /Users/runner/work/Nuvio-Xiec/Nuvio-Xiec/build/ios-device/Build/Products/Debug-iphoneos/Libunibreak.framework ios
    cd /Users/runner/work/Nuvio-Xiec/Nuvio-Xiec/iosApp/iosApp.xcodeproj
    builtin-process-xcframework --xcframework /Users/runner/work/Nuvio-Xiec/Nuvio-Xiec/build/ios-device/SourcePackages/artifacts/mpvkit/Libunibreak/Libunibreak.xcframework --platform ios --target-path /Users/runner/work/Nuvio-Xiec/Nuvio-Xiec/build/ios-device/Build/Products/Debug-iphoneos

ProcessXCFramework /Users/runner/work/Nuvio-Xiec/Nuvio-Xiec/build/ios-device/SourcePackages/artifacts/mpvkit/Libuchardet/Libuchardet.xcframework /Users/runner/work/Nuvio-Xiec/Nuvio-Xiec/build/ios-device/Build/Products/Debug-iphoneos/Libuchardet.framework ios
    cd /Users/runner/work/Nuvio-Xiec/Nuvio-Xiec/iosApp/iosApp.xcodeproj
    builtin-process-xcframework --xcframework /Users/runner/work/Nuvio-Xiec/Nuvio-Xiec/build/ios-device/SourcePackages/artifacts/mpvkit/Libuchardet/Libuchardet.xcframework --platform ios --target-path /Users/runner/work/Nuvio-Xiec/Nuvio-Xiec/build/ios-device/Build/Products/Debug-iphoneos

ProcessXCFramework /Users/runner/work/Nuvio-Xiec/Nuvio-Xiec/build/ios-device/SourcePackages/artifacts/mpvkit/Libuavs3d/Libuavs3d.xcframework /Users/runner/work/Nuvio-Xiec/Nuvio-Xiec/build/ios-device/Build/Products/Debug-iphoneos/Libuavs3d.framework ios
    cd /Users/runner/work/Nuvio-Xiec/Nuvio-Xiec/iosApp/iosApp.xcodeproj
    builtin-process-xcframework --xcframework /Users/runner/work/Nuvio-Xiec/Nuvio-Xiec/build/ios-device/SourcePackages/artifacts/mpvkit/Libuavs3d/Libuavs3d.xcframework --platform ios --target-path /Users/runner/work/Nuvio-Xiec/Nuvio-Xiec/build/ios-device/Build/Products/Debug-iphoneos

ProcessXCFramework /Users/runner/work/Nuvio-Xiec/Nuvio-Xiec/build/ios-device/SourcePackages/artifacts/mpvkit/Libswscale/Libswscale.xcframework /Users/runner/work/Nuvio-Xiec/Nuvio-Xiec/build/ios-device/Build/Products/Debug-iphoneos/Libswscale.framework ios
    cd /Users/runner/work/Nuvio-Xiec/Nuvio-Xiec/iosApp/iosApp.xcodeproj
    builtin-process-xcframework --xcframework /Users/runner/work/Nuvio-Xiec/Nuvio-Xiec/build/ios-device/SourcePackages/artifacts/mpvkit/Libswscale/Libswscale.xcframework --platform ios --target-path /Users/runner/work/Nuvio-Xiec/Nuvio-Xiec/build/ios-device/Build/Products/Debug-iphoneos

ProcessXCFramework /Users/runner/work/Nuvio-Xiec/Nuvio-Xiec/build/ios-device/SourcePackages/artifacts/mpvkit/Libswresample/Libswresample.xcframework /Users/runner/work/Nuvio-Xiec/Nuvio-Xiec/build/ios-device/Build/Products/Debug-iphoneos/Libswresample.framework ios
    cd /Users/runner/work/Nuvio-Xiec/Nuvio-Xiec/iosApp/iosApp.xcodeproj
    builtin-process-xcframework --xcframework /Users/runner/work/Nuvio-Xiec/Nuvio-Xiec/build/ios-device/SourcePackages/artifacts/mpvkit/Libswresample/Libswresample.xcframework --platform ios --target-path /Users/runner/work/Nuvio-Xiec/Nuvio-Xiec/build/ios-device/Build/Products/Debug-iphoneos

ProcessXCFramework /Users/runner/work/Nuvio-Xiec/Nuvio-Xiec/build/ios-device/SourcePackages/artifacts/mpvkit/Libssl/Libssl.xcframework /Users/runner/work/Nuvio-Xiec/Nuvio-Xiec/build/ios-device/Build/Products/Debug-iphoneos/Libssl.framework ios
    cd /Users/runner/work/Nuvio-Xiec/Nuvio-Xiec/iosApp/iosApp.xcodeproj
    builtin-process-xcframework --xcframework /Users/runner/work/Nuvio-Xiec/Nuvio-Xiec/build/ios-device/SourcePackages/artifacts/mpvkit/Libssl/Libssl.xcframework --platform ios --target-path /Users/runner/work/Nuvio-Xiec/Nuvio-Xiec/build/ios-device/Build/Products/Debug-iphoneos

ProcessXCFramework /Users/runner/work/Nuvio-Xiec/Nuvio-Xiec/build/ios-device/SourcePackages/artifacts/mpvkit/Libshaderc_combined/Libshaderc_combined.xcframework /Users/runner/work/Nuvio-Xiec/Nuvio-Xiec/build/ios-device/Build/Products/Debug-iphoneos/Libshaderc_combined.framework ios
    cd /Users/runner/work/Nuvio-Xiec/Nuvio-Xiec/iosApp/iosApp.xcodeproj
    builtin-process-xcframework --xcframework /Users/runner/work/Nuvio-Xiec/Nuvio-Xiec/build/ios-device/SourcePackages/artifacts/mpvkit/Libshaderc_combined/Libshaderc_combined.xcframework --platform ios --target-path /Users/runner/work/Nuvio-Xiec/Nuvio-Xiec/build/ios-device/Build/Products/Debug-iphoneos

ProcessXCFramework /Users/runner/work/Nuvio-Xiec/Nuvio-Xiec/build/ios-device/SourcePackages/artifacts/mpvkit/Libplacebo/Libplacebo.xcframework /Users/runner/work/Nuvio-Xiec/Nuvio-Xiec/build/ios-device/Build/Products/Debug-iphoneos/Libplacebo.framework ios
    cd /Users/runner/work/Nuvio-Xiec/Nuvio-Xiec/iosApp/iosApp.xcodeproj
    builtin-process-xcframework --xcframework /Users/runner/work/Nuvio-Xiec/Nuvio-Xiec/build/ios-device/SourcePackages/artifacts/mpvkit/Libplacebo/Libplacebo.xcframework --platform ios --target-path /Users/runner/work/Nuvio-Xiec/Nuvio-Xiec/build/ios-device/Build/Products/Debug-iphoneos

ProcessXCFramework /Users/runner/work/Nuvio-Xiec/Nuvio-Xiec/build/ios-device/SourcePackages/artifacts/mpvkit/Libmpv/Libmpv.xcframework /Users/runner/work/Nuvio-Xiec/Nuvio-Xiec/build/ios-device/Build/Products/Debug-iphoneos/Libmpv.framework ios
    cd /Users/runner/work/Nuvio-Xiec/Nuvio-Xiec/iosApp/iosApp.xcodeproj
    builtin-process-xcframework --xcframework /Users/runner/work/Nuvio-Xiec/Nuvio-Xiec/build/ios-device/SourcePackages/artifacts/mpvkit/Libmpv/Libmpv.xcframework --platform ios --target-path /Users/runner/work/Nuvio-Xiec/Nuvio-Xiec/build/ios-device/Build/Products/Debug-iphoneos

ProcessXCFramework /Users/runner/work/Nuvio-Xiec/Nuvio-Xiec/build/ios-device/SourcePackages/artifacts/mpvkit/Libharfbuzz/Libharfbuzz.xcframework /Users/runner/work/Nuvio-Xiec/Nuvio-Xiec/build/ios-device/Build/Products/Debug-iphoneos/Libharfbuzz.framework ios
    cd /Users/runner/work/Nuvio-Xiec/Nuvio-Xiec/iosApp/iosApp.xcodeproj
    builtin-process-xcframework --xcframework /Users/runner/work/Nuvio-Xiec/Nuvio-Xiec/build/ios-device/SourcePackages/artifacts/mpvkit/Libharfbuzz/Libharfbuzz.xcframework --platform ios --target-path /Users/runner/work/Nuvio-Xiec/Nuvio-Xiec/build/ios-device/Build/Products/Debug-iphoneos

ProcessXCFramework /Users/runner/work/Nuvio-Xiec/Nuvio-Xiec/build/ios-device/SourcePackages/artifacts/mpvkit/Libfribidi/Libfribidi.xcframework /Users/runner/work/Nuvio-Xiec/Nuvio-Xiec/build/ios-device/Build/Products/Debug-iphoneos/Libfribidi.framework ios
    cd /Users/runner/work/Nuvio-Xiec/Nuvio-Xiec/iosApp/iosApp.xcodeproj
    builtin-process-xcframework --xcframework /Users/runner/work/Nuvio-Xiec/Nuvio-Xiec/build/ios-device/SourcePackages/artifacts/mpvkit/Libfribidi/Libfribidi.xcframework --platform ios --target-path /Users/runner/work/Nuvio-Xiec/Nuvio-Xiec/build/ios-device/Build/Products/Debug-iphoneos

ProcessXCFramework /Users/runner/work/Nuvio-Xiec/Nuvio-Xiec/build/ios-device/SourcePackages/artifacts/mpvkit/Libfreetype/Libfreetype.xcframework /Users/runner/work/Nuvio-Xiec/Nuvio-Xiec/build/ios-device/Build/Products/Debug-iphoneos/Libfreetype.framework ios
    cd /Users/runner/work/Nuvio-Xiec/Nuvio-Xiec/iosApp/iosApp.xcodeproj
    builtin-process-xcframework --xcframework /Users/runner/work/Nuvio-Xiec/Nuvio-Xiec/build/ios-device/SourcePackages/artifacts/mpvkit/Libfreetype/Libfreetype.xcframework --platform ios --target-path /Users/runner/work/Nuvio-Xiec/Nuvio-Xiec/build/ios-device/Build/Products/Debug-iphoneos

ProcessXCFramework /Users/runner/work/Nuvio-Xiec/Nuvio-Xiec/build/ios-device/SourcePackages/artifacts/mpvkit/Libdovi/Libdovi.xcframework /Users/runner/work/Nuvio-Xiec/Nuvio-Xiec/build/ios-device/Build/Products/Debug-iphoneos/Libdovi.framework ios
    cd /Users/runner/work/Nuvio-Xiec/Nuvio-Xiec/iosApp/iosApp.xcodeproj
    builtin-process-xcframework --xcframework /Users/runner/work/Nuvio-Xiec/Nuvio-Xiec/build/ios-device/SourcePackages/artifacts/mpvkit/Libdovi/Libdovi.xcframework --platform ios --target-path /Users/runner/work/Nuvio-Xiec/Nuvio-Xiec/build/ios-device/Build/Products/Debug-iphoneos

ProcessXCFramework /Users/runner/work/Nuvio-Xiec/Nuvio-Xiec/build/ios-device/SourcePackages/artifacts/mpvkit/Libdav1d/Libdav1d.xcframework /Users/runner/work/Nuvio-Xiec/Nuvio-Xiec/build/ios-device/Build/Products/Debug-iphoneos/Libdav1d.framework ios
    cd /Users/runner/work/Nuvio-Xiec/Nuvio-Xiec/iosApp/iosApp.xcodeproj
    builtin-process-xcframework --xcframework /Users/runner/work/Nuvio-Xiec/Nuvio-Xiec/build/ios-device/SourcePackages/artifacts/mpvkit/Libdav1d/Libdav1d.xcframework --platform ios --target-path /Users/runner/work/Nuvio-Xiec/Nuvio-Xiec/build/ios-device/Build/Products/Debug-iphoneos

ProcessXCFramework /Users/runner/work/Nuvio-Xiec/Nuvio-Xiec/build/ios-device/SourcePackages/artifacts/mpvkit/Libcrypto/Libcrypto.xcframework /Users/runner/work/Nuvio-Xiec/Nuvio-Xiec/build/ios-device/Build/Products/Debug-iphoneos/Libcrypto.framework ios
    cd /Users/runner/work/Nuvio-Xiec/Nuvio-Xiec/iosApp/iosApp.xcodeproj
    builtin-process-xcframework --xcframework /Users/runner/work/Nuvio-Xiec/Nuvio-Xiec/build/ios-device/SourcePackages/artifacts/mpvkit/Libcrypto/Libcrypto.xcframework --platform ios --target-path /Users/runner/work/Nuvio-Xiec/Nuvio-Xiec/build/ios-device/Build/Products/Debug-iphoneos

ProcessXCFramework /Users/runner/work/Nuvio-Xiec/Nuvio-Xiec/build/ios-device/SourcePackages/artifacts/mpvkit/Libbluray/Libbluray.xcframework /Users/runner/work/Nuvio-Xiec/Nuvio-Xiec/build/ios-device/Build/Products/Debug-iphoneos/Libbluray.framework ios
    cd /Users/runner/work/Nuvio-Xiec/Nuvio-Xiec/iosApp/iosApp.xcodeproj
    builtin-process-xcframework --xcframework /Users/runner/work/Nuvio-Xiec/Nuvio-Xiec/build/ios-device/SourcePackages/artifacts/mpvkit/Libbluray/Libbluray.xcframework --platform ios --target-path /Users/runner/work/Nuvio-Xiec/Nuvio-Xiec/build/ios-device/Build/Products/Debug-iphoneos

ProcessXCFramework /Users/runner/work/Nuvio-Xiec/Nuvio-Xiec/build/ios-device/SourcePackages/artifacts/mpvkit/Libavutil/Libavutil.xcframework /Users/runner/work/Nuvio-Xiec/Nuvio-Xiec/build/ios-device/Build/Products/Debug-iphoneos/Libavutil.framework ios
    cd /Users/runner/work/Nuvio-Xiec/Nuvio-Xiec/iosApp/iosApp.xcodeproj
    builtin-process-xcframework --xcframework /Users/runner/work/Nuvio-Xiec/Nuvio-Xiec/build/ios-device/SourcePackages/artifacts/mpvkit/Libavutil/Libavutil.xcframework --platform ios --target-path /Users/runner/work/Nuvio-Xiec/Nuvio-Xiec/build/ios-device/Build/Products/Debug-iphoneos

ProcessXCFramework /Users/runner/work/Nuvio-Xiec/Nuvio-Xiec/build/ios-device/SourcePackages/artifacts/mpvkit/Libavformat/Libavformat.xcframework /Users/runner/work/Nuvio-Xiec/Nuvio-Xiec/build/ios-device/Build/Products/Debug-iphoneos/Libavformat.framework ios
    cd /Users/runner/work/Nuvio-Xiec/Nuvio-Xiec/iosApp/iosApp.xcodeproj
    builtin-process-xcframework --xcframework /Users/runner/work/Nuvio-Xiec/Nuvio-Xiec/build/ios-device/SourcePackages/artifacts/mpvkit/Libavformat/Libavformat.xcframework --platform ios --target-path /Users/runner/work/Nuvio-Xiec/Nuvio-Xiec/build/ios-device/Build/Products/Debug-iphoneos

ProcessXCFramework /Users/runner/work/Nuvio-Xiec/Nuvio-Xiec/build/ios-device/SourcePackages/artifacts/mpvkit/Libavfilter/Libavfilter.xcframework /Users/runner/work/Nuvio-Xiec/Nuvio-Xiec/build/ios-device/Build/Products/Debug-iphoneos/Libavfilter.framework ios
    cd /Users/runner/work/Nuvio-Xiec/Nuvio-Xiec/iosApp/iosApp.xcodeproj
    builtin-process-xcframework --xcframework /Users/runner/work/Nuvio-Xiec/Nuvio-Xiec/build/ios-device/SourcePackages/artifacts/mpvkit/Libavfilter/Libavfilter.xcframework --platform ios --target-path /Users/runner/work/Nuvio-Xiec/Nuvio-Xiec/build/ios-device/Build/Products/Debug-iphoneos

ProcessXCFramework /Users/runner/work/Nuvio-Xiec/Nuvio-Xiec/build/ios-device/SourcePackages/artifacts/mpvkit/Libavdevice/Libavdevice.xcframework /Users/runner/work/Nuvio-Xiec/Nuvio-Xiec/build/ios-device/Build/Products/Debug-iphoneos/Libavdevice.framework ios
    cd /Users/runner/work/Nuvio-Xiec/Nuvio-Xiec/iosApp/iosApp.xcodeproj
    builtin-process-xcframework --xcframework /Users/runner/work/Nuvio-Xiec/Nuvio-Xiec/build/ios-device/SourcePackages/artifacts/mpvkit/Libavdevice/Libavdevice.xcframework --platform ios --target-path /Users/runner/work/Nuvio-Xiec/Nuvio-Xiec/build/ios-device/Build/Products/Debug-iphoneos

ProcessXCFramework /Users/runner/work/Nuvio-Xiec/Nuvio-Xiec/build/ios-device/SourcePackages/artifacts/mpvkit/Libavcodec/Libavcodec.xcframework /Users/runner/work/Nuvio-Xiec/Nuvio-Xiec/build/ios-device/Build/Products/Debug-iphoneos/Libavcodec.framework ios
    cd /Users/runner/work/Nuvio-Xiec/Nuvio-Xiec/iosApp/iosApp.xcodeproj
    builtin-process-xcframework --xcframework /Users/runner/work/Nuvio-Xiec/Nuvio-Xiec/build/ios-device/SourcePackages/artifacts/mpvkit/Libavcodec/Libavcodec.xcframework --platform ios --target-path /Users/runner/work/Nuvio-Xiec/Nuvio-Xiec/build/ios-device/Build/Products/Debug-iphoneos

ProcessXCFramework /Users/runner/work/Nuvio-Xiec/Nuvio-Xiec/build/ios-device/SourcePackages/artifacts/mpvkit/Libass/Libass.xcframework /Users/runner/work/Nuvio-Xiec/Nuvio-Xiec/build/ios-device/Build/Products/Debug-iphoneos/Libass.framework ios
    cd /Users/runner/work/Nuvio-Xiec/Nuvio-Xiec/iosApp/iosApp.xcodeproj
    builtin-process-xcframework --xcframework /Users/runner/work/Nuvio-Xiec/Nuvio-Xiec/build/ios-device/SourcePackages/artifacts/mpvkit/Libass/Libass.xcframework --platform ios --target-path /Users/runner/work/Nuvio-Xiec/Nuvio-Xiec/build/ios-device/Build/Products/Debug-iphoneos

WriteAuxiliaryFile /Users/runner/work/Nuvio-Xiec/Nuvio-Xiec/build/ios-device/Build/Intermediates.noindex/iosApp.build/Debug-iphoneos/iosApp.build/Script-8C96BAEBBE1F4269A0BADC2B.sh (in target 'iosApp' from project 'iosApp')
    cd /Users/runner/work/Nuvio-Xiec/Nuvio-Xiec/iosApp
    write-file /Users/runner/work/Nuvio-Xiec/Nuvio-Xiec/build/ios-device/Build/Intermediates.noindex/iosApp.build/Debug-iphoneos/iosApp.build/Script-8C96BAEBBE1F4269A0BADC2B.sh

WriteAuxiliaryFile /Users/runner/work/Nuvio-Xiec/Nuvio-Xiec/build/ios-device/Build/Intermediates.noindex/iosApp.build/Debug-iphoneos/iosApp.build/Objects-normal/arm64/iosApp_const_extract_protocols.json (in target 'iosApp' from project 'iosApp')
    cd /Users/runner/work/Nuvio-Xiec/Nuvio-Xiec/iosApp
    write-file /Users/runner/work/Nuvio-Xiec/Nuvio-Xiec/build/ios-device/Build/Intermediates.noindex/iosApp.build/Debug-iphoneos/iosApp.build/Objects-normal/arm64/iosApp_const_extract_protocols.json

WriteAuxiliaryFile /Users/runner/work/Nuvio-Xiec/Nuvio-Xiec/build/ios-device/Build/Intermediates.noindex/iosApp.build/Debug-iphoneos/iosApp.build/Objects-normal/arm64/iosApp-OutputFileMap.json (in target 'iosApp' from project 'iosApp')
    cd /Users/runner/work/Nuvio-Xiec/Nuvio-Xiec/iosApp
    write-file /Users/runner/work/Nuvio-Xiec/Nuvio-Xiec/build/ios-device/Build/Intermediates.noindex/iosApp.build/Debug-iphoneos/iosApp.build/Objects-normal/arm64/iosApp-OutputFileMap.json

WriteAuxiliaryFile /Users/runner/work/Nuvio-Xiec/Nuvio-Xiec/build/ios-device/Build/Intermediates.noindex/iosApp.build/Debug-iphoneos/iosApp.build/Objects-normal/arm64/e6072d4f65d7061329687fe24e3d63a7-common-args.resp (in target 'iosApp' from project 'iosApp')
    cd /Users/runner/work/Nuvio-Xiec/Nuvio-Xiec/iosApp
    write-file /Users/runner/work/Nuvio-Xiec/Nuvio-Xiec/build/ios-device/Build/Intermediates.noindex/iosApp.build/Debug-iphoneos/iosApp.build/Objects-normal/arm64/e6072d4f65d7061329687fe24e3d63a7-common-args.resp
-target arm64-apple-ios16.1 '-std=gnu17' -fobjc-arc -fobjc-weak -fmodules -gmodules '-fmodules-cache-path=/Users/runner/work/Nuvio-Xiec/Nuvio-Xiec/build/ios-device/ModuleCache.noindex' -fpascal-strings -O0 -fno-common '-DDEBUG=1' '-DOBJC_OLD_DISPATCH_PROTOTYPES=0' -isysroot /Applications/Xcode_16.4.app/Contents/Developer/Platforms/iPhoneOS.platform/Developer/SDKs/iPhoneOS18.5.sdk -g -iquote /Users/runner/work/Nuvio-Xiec/Nuvio-Xiec/build/ios-device/Build/Intermediates.noindex/iosApp.build/Debug-iphoneos/iosApp.build/Nuvio-generated-files.hmap -I/Users/runner/work/Nuvio-Xiec/Nuvio-Xiec/build/ios-device/Build/Intermediates.noindex/iosApp.build/Debug-iphoneos/iosApp.build/Nuvio-own-target-headers.hmap -I/Users/runner/work/Nuvio-Xiec/Nuvio-Xiec/build/ios-device/Build/Intermediates.noindex/iosApp.build/Debug-iphoneos/iosApp.build/Nuvio-all-non-framework-target-headers.hmap -ivfsoverlay /Users/runner/work/Nuvio-Xiec/Nuvio-Xiec/build/ios-device/Build/Intermediates.noindex/iosApp.build/Debug-iphoneos/iosApp-7b79493a8b7fc1f2fff3c51cd12ba024-VFS-iphoneos/all-product-headers.yaml -iquote /Users/runner/work/Nuvio-Xiec/Nuvio-Xiec/build/ios-device/Build/Intermediates.noindex/iosApp.build/Debug-iphoneos/iosApp.build/Nuvio-project-headers.hmap -I/Users/runner/work/Nuvio-Xiec/Nuvio-Xiec/MPVKit/Sources/_FFmpeg/include -I/Users/runner/work/Nuvio-Xiec/Nuvio-Xiec/MPVKit/Sources/_MPVKit/include -I/Users/runner/work/Nuvio-Xiec/Nuvio-Xiec/build/ios-device/Build/Products/Debug-iphoneos/include -I/Users/runner/work/Nuvio-Xiec/Nuvio-Xiec/build/ios-device/Build/Intermediates.noindex/iosApp.build/Debug-iphoneos/iosApp.build/DerivedSources-normal/arm64 -I/Users/runner/work/Nuvio-Xiec/Nuvio-Xiec/build/ios-device/Build/Intermediates.noindex/iosApp.build/Debug-iphoneos/iosApp.build/DerivedSources/arm64 -I/Users/runner/work/Nuvio-Xiec/Nuvio-Xiec/build/ios-device/Build/Intermediates.noindex/iosApp.build/Debug-iphoneos/iosApp.build/DerivedSources -F/Users/runner/work/Nuvio-Xiec/Nuvio-Xiec/build/ios-device/Build/Products/Debug-iphoneos/PackageFrameworks -F/Users/runner/work/Nuvio-Xiec/Nuvio-Xiec/build/ios-device/Build/Products/Debug-iphoneos/PackageFrameworks -F/Users/runner/work/Nuvio-Xiec/Nuvio-Xiec/build/ios-device/Build/Products/Debug-iphoneos '-fmodule-map-file=/Users/runner/work/Nuvio-Xiec/Nuvio-Xiec/build/ios-device/Build/Intermediates.noindex/GeneratedModuleMaps-iphoneos/_FFmpeg.modulemap' '-fmodule-map-file=/Users/runner/work/Nuvio-Xiec/Nuvio-Xiec/build/ios-device/Build/Intermediates.noindex/GeneratedModuleMaps-iphoneos/_MPVKit.modulemap'

WriteAuxiliaryFile /Users/runner/work/Nuvio-Xiec/Nuvio-Xiec/build/ios-device/Build/Intermediates.noindex/iosApp.build/Debug-iphoneos/iosApp.build/Objects-normal/arm64/Nuvio.SwiftFileList (in target 'iosApp' from project 'iosApp')
    cd /Users/runner/work/Nuvio-Xiec/Nuvio-Xiec/iosApp
    write-file /Users/runner/work/Nuvio-Xiec/Nuvio-Xiec/build/ios-device/Build/Intermediates.noindex/iosApp.build/Debug-iphoneos/iosApp.build/Objects-normal/arm64/Nuvio.SwiftFileList

WriteAuxiliaryFile /Users/runner/work/Nuvio-Xiec/Nuvio-Xiec/build/ios-device/Build/Intermediates.noindex/iosApp.build/Debug-iphoneos/iosApp.build/Objects-normal/arm64/Nuvio.SwiftConstValuesFileList (in target 'iosApp' from project 'iosApp')
    cd /Users/runner/work/Nuvio-Xiec/Nuvio-Xiec/iosApp
    write-file /Users/runner/work/Nuvio-Xiec/Nuvio-Xiec/build/ios-device/Build/Intermediates.noindex/iosApp.build/Debug-iphoneos/iosApp.build/Objects-normal/arm64/Nuvio.SwiftConstValuesFileList

WriteAuxiliaryFile /Users/runner/work/Nuvio-Xiec/Nuvio-Xiec/build/ios-device/Build/Intermediates.noindex/iosApp.build/Debug-iphoneos/iosApp.build/Objects-normal/arm64/Nuvio.LinkFileList (in target 'iosApp' from project 'iosApp')
    cd /Users/runner/work/Nuvio-Xiec/Nuvio-Xiec/iosApp
    write-file /Users/runner/work/Nuvio-Xiec/Nuvio-Xiec/build/ios-device/Build/Intermediates.noindex/iosApp.build/Debug-iphoneos/iosApp.build/Objects-normal/arm64/Nuvio.LinkFileList

WriteAuxiliaryFile /Users/runner/work/Nuvio-Xiec/Nuvio-Xiec/build/ios-device/Build/Intermediates.noindex/iosApp.build/Debug-iphoneos/iosApp.build/Nuvio.hmap (in target 'iosApp' from project 'iosApp')
    cd /Users/runner/work/Nuvio-Xiec/Nuvio-Xiec/iosApp
    write-file /Users/runner/work/Nuvio-Xiec/Nuvio-Xiec/build/ios-device/Build/Intermediates.noindex/iosApp.build/Debug-iphoneos/iosApp.build/Nuvio.hmap

WriteAuxiliaryFile /Users/runner/work/Nuvio-Xiec/Nuvio-Xiec/build/ios-device/Build/Intermediates.noindex/iosApp.build/Debug-iphoneos/iosApp.build/Nuvio.DependencyStaticMetadataFileList (in target 'iosApp' from project 'iosApp')
    cd /Users/runner/work/Nuvio-Xiec/Nuvio-Xiec/iosApp
    write-file /Users/runner/work/Nuvio-Xiec/Nuvio-Xiec/build/ios-device/Build/Intermediates.noindex/iosApp.build/Debug-iphoneos/iosApp.build/Nuvio.DependencyStaticMetadataFileList

WriteAuxiliaryFile /Users/runner/work/Nuvio-Xiec/Nuvio-Xiec/build/ios-device/Build/Intermediates.noindex/iosApp.build/Debug-iphoneos/iosApp.build/Nuvio.DependencyMetadataFileList (in target 'iosApp' from project 'iosApp')
    cd /Users/runner/work/Nuvio-Xiec/Nuvio-Xiec/iosApp
    write-file /Users/runner/work/Nuvio-Xiec/Nuvio-Xiec/build/ios-device/Build/Intermediates.noindex/iosApp.build/Debug-iphoneos/iosApp.build/Nuvio.DependencyMetadataFileList

WriteAuxiliaryFile /Users/runner/work/Nuvio-Xiec/Nuvio-Xiec/build/ios-device/Build/Intermediates.noindex/iosApp.build/Debug-iphoneos/iosApp.build/Nuvio-project-headers.hmap (in target 'iosApp' from project 'iosApp')
    cd /Users/runner/work/Nuvio-Xiec/Nuvio-Xiec/iosApp
    write-file /Users/runner/work/Nuvio-Xiec/Nuvio-Xiec/build/ios-device/Build/Intermediates.noindex/iosApp.build/Debug-iphoneos/iosApp.build/Nuvio-project-headers.hmap

WriteAuxiliaryFile /Users/runner/work/Nuvio-Xiec/Nuvio-Xiec/build/ios-device/Build/Intermediates.noindex/iosApp.build/Debug-iphoneos/iosApp.build/Nuvio-own-target-headers.hmap (in target 'iosApp' from project 'iosApp')
    cd /Users/runner/work/Nuvio-Xiec/Nuvio-Xiec/iosApp
    write-file /Users/runner/work/Nuvio-Xiec/Nuvio-Xiec/build/ios-device/Build/Intermediates.noindex/iosApp.build/Debug-iphoneos/iosApp.build/Nuvio-own-target-headers.hmap

WriteAuxiliaryFile /Users/runner/work/Nuvio-Xiec/Nuvio-Xiec/build/ios-device/Build/Intermediates.noindex/iosApp.build/Debug-iphoneos/iosApp.build/Nuvio-generated-files.hmap (in target 'iosApp' from project 'iosApp')
    cd /Users/runner/work/Nuvio-Xiec/Nuvio-Xiec/iosApp
    write-file /Users/runner/work/Nuvio-Xiec/Nuvio-Xiec/build/ios-device/Build/Intermediates.noindex/iosApp.build/Debug-iphoneos/iosApp.build/Nuvio-generated-files.hmap

WriteAuxiliaryFile /Users/runner/work/Nuvio-Xiec/Nuvio-Xiec/build/ios-device/Build/Intermediates.noindex/iosApp.build/Debug-iphoneos/iosApp.build/Nuvio-all-target-headers.hmap (in target 'iosApp' from project 'iosApp')
    cd /Users/runner/work/Nuvio-Xiec/Nuvio-Xiec/iosApp
    write-file /Users/runner/work/Nuvio-Xiec/Nuvio-Xiec/build/ios-device/Build/Intermediates.noindex/iosApp.build/Debug-iphoneos/iosApp.build/Nuvio-all-target-headers.hmap

WriteAuxiliaryFile /Users/runner/work/Nuvio-Xiec/Nuvio-Xiec/build/ios-device/Build/Intermediates.noindex/iosApp.build/Debug-iphoneos/iosApp.build/Nuvio-all-non-framework-target-headers.hmap (in target 'iosApp' from project 'iosApp')
    cd /Users/runner/work/Nuvio-Xiec/Nuvio-Xiec/iosApp
    write-file /Users/runner/work/Nuvio-Xiec/Nuvio-Xiec/build/ios-device/Build/Intermediates.noindex/iosApp.build/Debug-iphoneos/iosApp.build/Nuvio-all-non-framework-target-headers.hmap

WriteAuxiliaryFile /Users/runner/work/Nuvio-Xiec/Nuvio-Xiec/build/ios-device/Build/Intermediates.noindex/iosApp.build/Debug-iphoneos/iosApp.build/Nuvio-DebugDylibPath-normal-arm64.txt (in target 'iosApp' from project 'iosApp')
    cd /Users/runner/work/Nuvio-Xiec/Nuvio-Xiec/iosApp
    write-file /Users/runner/work/Nuvio-Xiec/Nuvio-Xiec/build/ios-device/Build/Intermediates.noindex/iosApp.build/Debug-iphoneos/iosApp.build/Nuvio-DebugDylibPath-normal-arm64.txt

WriteAuxiliaryFile /Users/runner/work/Nuvio-Xiec/Nuvio-Xiec/build/ios-device/Build/Intermediates.noindex/iosApp.build/Debug-iphoneos/iosApp.build/Nuvio-DebugDylibInstallName-normal-arm64.txt (in target 'iosApp' from project 'iosApp')
    cd /Users/runner/work/Nuvio-Xiec/Nuvio-Xiec/iosApp
    write-file /Users/runner/work/Nuvio-Xiec/Nuvio-Xiec/build/ios-device/Build/Intermediates.noindex/iosApp.build/Debug-iphoneos/iosApp.build/Nuvio-DebugDylibInstallName-normal-arm64.txt

WriteAuxiliaryFile /Users/runner/work/Nuvio-Xiec/Nuvio-Xiec/build/ios-device/Build/Intermediates.noindex/MPVKit.build/Debug-iphoneos/_MPVKit.build/_MPVKit.modulemap (in target '_MPVKit' from project 'MPVKit')
    cd /Users/runner/work/Nuvio-Xiec/Nuvio-Xiec/MPVKit
    write-file /Users/runner/work/Nuvio-Xiec/Nuvio-Xiec/build/ios-device/Build/Intermediates.noindex/MPVKit.build/Debug-iphoneos/_MPVKit.build/_MPVKit.modulemap

WriteAuxiliaryFile /Users/runner/work/Nuvio-Xiec/Nuvio-Xiec/build/ios-device/Build/Intermediates.noindex/MPVKit.build/Debug-iphoneos/_MPVKit.build/_MPVKit.DependencyStaticMetadataFileList (in target '_MPVKit' from project 'MPVKit')
    cd /Users/runner/work/Nuvio-Xiec/Nuvio-Xiec/MPVKit
    write-file /Users/runner/work/Nuvio-Xiec/Nuvio-Xiec/build/ios-device/Build/Intermediates.noindex/MPVKit.build/Debug-iphoneos/_MPVKit.build/_MPVKit.DependencyStaticMetadataFileList

WriteAuxiliaryFile /Users/runner/work/Nuvio-Xiec/Nuvio-Xiec/build/ios-device/Build/Intermediates.noindex/MPVKit.build/Debug-iphoneos/_MPVKit.build/_MPVKit.DependencyMetadataFileList (in target '_MPVKit' from project 'MPVKit')
    cd /Users/runner/work/Nuvio-Xiec/Nuvio-Xiec/MPVKit
    write-file /Users/runner/work/Nuvio-Xiec/Nuvio-Xiec/build/ios-device/Build/Intermediates.noindex/MPVKit.build/Debug-iphoneos/_MPVKit.build/_MPVKit.DependencyMetadataFileList

WriteAuxiliaryFile /Users/runner/work/Nuvio-Xiec/Nuvio-Xiec/build/ios-device/Build/Intermediates.noindex/MPVKit.build/Debug-iphoneos/_MPVKit.build/Objects-normal/arm64/_MPVKit.LinkFileList (in target '_MPVKit' from project 'MPVKit')
    cd /Users/runner/work/Nuvio-Xiec/Nuvio-Xiec/MPVKit
    write-file /Users/runner/work/Nuvio-Xiec/Nuvio-Xiec/build/ios-device/Build/Intermediates.noindex/MPVKit.build/Debug-iphoneos/_MPVKit.build/Objects-normal/arm64/_MPVKit.LinkFileList

WriteAuxiliaryFile /Users/runner/work/Nuvio-Xiec/Nuvio-Xiec/build/ios-device/Build/Intermediates.noindex/MPVKit.build/Debug-iphoneos/_MPVKit.build/Objects-normal/arm64/7187679823f38a2a940e0043cdf9d637-common-args.resp (in target '_MPVKit' from project 'MPVKit')
    cd /Users/runner/work/Nuvio-Xiec/Nuvio-Xiec/MPVKit
    write-file /Users/runner/work/Nuvio-Xiec/Nuvio-Xiec/build/ios-device/Build/Intermediates.noindex/MPVKit.build/Debug-iphoneos/_MPVKit.build/Objects-normal/arm64/7187679823f38a2a940e0043cdf9d637-common-args.resp
-target arm64-apple-ios14.0 -fmodules -gmodules '-fmodules-cache-path=/Users/runner/work/Nuvio-Xiec/Nuvio-Xiec/build/ios-device/ModuleCache.noindex' '-fmodule-name=_MPVKit' -fpascal-strings -O0 -DSWIFT_PACKAGE '-DDEBUG=1' -isysroot /Applications/Xcode_16.4.app/Contents/Developer/Platforms/iPhoneOS.platform/Developer/SDKs/iPhoneOS18.5.sdk -g -I/Users/runner/work/Nuvio-Xiec/Nuvio-Xiec/MPVKit/Sources/_FFmpeg/include -I/Users/runner/work/Nuvio-Xiec/Nuvio-Xiec/build/ios-device/Build/Products/Debug-iphoneos/include -I/Users/runner/work/Nuvio-Xiec/Nuvio-Xiec/MPVKit/Sources/_MPVKit/include -I/Users/runner/work/Nuvio-Xiec/Nuvio-Xiec/build/ios-device/Build/Intermediates.noindex/MPVKit.build/Debug-iphoneos/_MPVKit.build/DerivedSources-normal/arm64 -I/Users/runner/work/Nuvio-Xiec/Nuvio-Xiec/build/ios-device/Build/Intermediates.noindex/MPVKit.build/Debug-iphoneos/_MPVKit.build/DerivedSources/arm64 -I/Users/runner/work/Nuvio-Xiec/Nuvio-Xiec/build/ios-device/Build/Intermediates.noindex/MPVKit.build/Debug-iphoneos/_MPVKit.build/DerivedSources -F/Users/runner/work/Nuvio-Xiec/Nuvio-Xiec/build/ios-device/Build/Products/Debug-iphoneos/PackageFrameworks -F/Users/runner/work/Nuvio-Xiec/Nuvio-Xiec/build/ios-device/Build/Products/Debug-iphoneos -iframework /Applications/Xcode_16.4.app/Contents/Developer/Platforms/iPhoneOS.platform/Developer/Library/Frameworks -iframework /Applications/Xcode_16.4.app/Contents/Developer/Platforms/iPhoneOS.platform/Developer/SDKs/iPhoneOS18.5.sdk/Developer/Library/Frameworks '-fmodule-map-file=/Users/runner/work/Nuvio-Xiec/Nuvio-Xiec/build/ios-device/Build/Intermediates.noindex/GeneratedModuleMaps-iphoneos/_FFmpeg.modulemap' -DXcode

Copy /Users/runner/work/Nuvio-Xiec/Nuvio-Xiec/build/ios-device/Build/Intermediates.noindex/GeneratedModuleMaps-iphoneos/_MPVKit.modulemap /Users/runner/work/Nuvio-Xiec/Nuvio-Xiec/build/ios-device/Build/Intermediates.noindex/MPVKit.build/Debug-iphoneos/_MPVKit.build/_MPVKit.modulemap (in target '_MPVKit' from project 'MPVKit')
    cd /Users/runner/work/Nuvio-Xiec/Nuvio-Xiec/MPVKit
    builtin-copy -exclude .DS_Store -exclude CVS -exclude .svn -exclude .git -exclude .hg -resolve-src-symlinks /Users/runner/work/Nuvio-Xiec/Nuvio-Xiec/build/ios-device/Build/Intermediates.noindex/MPVKit.build/Debug-iphoneos/_MPVKit.build/_MPVKit.modulemap /Users/runner/work/Nuvio-Xiec/Nuvio-Xiec/build/ios-device/Build/Intermediates.noindex/GeneratedModuleMaps-iphoneos

WriteAuxiliaryFile /Users/runner/work/Nuvio-Xiec/Nuvio-Xiec/build/ios-device/Build/Intermediates.noindex/MPVKit.build/Debug-iphoneos/_FFmpeg.build/_FFmpeg.modulemap (in target '_FFmpeg' from project 'MPVKit')
    cd /Users/runner/work/Nuvio-Xiec/Nuvio-Xiec/MPVKit
    write-file /Users/runner/work/Nuvio-Xiec/Nuvio-Xiec/build/ios-device/Build/Intermediates.noindex/MPVKit.build/Debug-iphoneos/_FFmpeg.build/_FFmpeg.modulemap

WriteAuxiliaryFile /Users/runner/work/Nuvio-Xiec/Nuvio-Xiec/build/ios-device/Build/Intermediates.noindex/MPVKit.build/Debug-iphoneos/_FFmpeg.build/_FFmpeg.DependencyStaticMetadataFileList (in target '_FFmpeg' from project 'MPVKit')
    cd /Users/runner/work/Nuvio-Xiec/Nuvio-Xiec/MPVKit
    write-file /Users/runner/work/Nuvio-Xiec/Nuvio-Xiec/build/ios-device/Build/Intermediates.noindex/MPVKit.build/Debug-iphoneos/_FFmpeg.build/_FFmpeg.DependencyStaticMetadataFileList

WriteAuxiliaryFile /Users/runner/work/Nuvio-Xiec/Nuvio-Xiec/build/ios-device/Build/Intermediates.noindex/MPVKit.build/Debug-iphoneos/_FFmpeg.build/_FFmpeg.DependencyMetadataFileList (in target '_FFmpeg' from project 'MPVKit')
    cd /Users/runner/work/Nuvio-Xiec/Nuvio-Xiec/MPVKit
    write-file /Users/runner/work/Nuvio-Xiec/Nuvio-Xiec/build/ios-device/Build/Intermediates.noindex/MPVKit.build/Debug-iphoneos/_FFmpeg.build/_FFmpeg.DependencyMetadataFileList

WriteAuxiliaryFile /Users/runner/work/Nuvio-Xiec/Nuvio-Xiec/build/ios-device/Build/Intermediates.noindex/MPVKit.build/Debug-iphoneos/_FFmpeg.build/Objects-normal/arm64/_FFmpeg.LinkFileList (in target '_FFmpeg' from project 'MPVKit')
    cd /Users/runner/work/Nuvio-Xiec/Nuvio-Xiec/MPVKit
    write-file /Users/runner/work/Nuvio-Xiec/Nuvio-Xiec/build/ios-device/Build/Intermediates.noindex/MPVKit.build/Debug-iphoneos/_FFmpeg.build/Objects-normal/arm64/_FFmpeg.LinkFileList

WriteAuxiliaryFile /Users/runner/work/Nuvio-Xiec/Nuvio-Xiec/build/ios-device/Build/Intermediates.noindex/MPVKit.build/Debug-iphoneos/_FFmpeg.build/Objects-normal/arm64/7187679823f38a2a940e0043cdf9d637-common-args.resp (in target '_FFmpeg' from project 'MPVKit')
    cd /Users/runner/work/Nuvio-Xiec/Nuvio-Xiec/MPVKit
    write-file /Users/runner/work/Nuvio-Xiec/Nuvio-Xiec/build/ios-device/Build/Intermediates.noindex/MPVKit.build/Debug-iphoneos/_FFmpeg.build/Objects-normal/arm64/7187679823f38a2a940e0043cdf9d637-common-args.resp
-target arm64-apple-ios14.0 -fmodules -gmodules '-fmodules-cache-path=/Users/runner/work/Nuvio-Xiec/Nuvio-Xiec/build/ios-device/ModuleCache.noindex' '-fmodule-name=_FFmpeg' -fpascal-strings -O0 -DSWIFT_PACKAGE '-DDEBUG=1' -isysroot /Applications/Xcode_16.4.app/Contents/Developer/Platforms/iPhoneOS.platform/Developer/SDKs/iPhoneOS18.5.sdk -g -I/Users/runner/work/Nuvio-Xiec/Nuvio-Xiec/build/ios-device/Build/Products/Debug-iphoneos/include -I/Users/runner/work/Nuvio-Xiec/Nuvio-Xiec/MPVKit/Sources/_FFmpeg/include -I/Users/runner/work/Nuvio-Xiec/Nuvio-Xiec/build/ios-device/Build/Intermediates.noindex/MPVKit.build/Debug-iphoneos/_FFmpeg.build/DerivedSources-normal/arm64 -I/Users/runner/work/Nuvio-Xiec/Nuvio-Xiec/build/ios-device/Build/Intermediates.noindex/MPVKit.build/Debug-iphoneos/_FFmpeg.build/DerivedSources/arm64 -I/Users/runner/work/Nuvio-Xiec/Nuvio-Xiec/build/ios-device/Build/Intermediates.noindex/MPVKit.build/Debug-iphoneos/_FFmpeg.build/DerivedSources -F/Users/runner/work/Nuvio-Xiec/Nuvio-Xiec/build/ios-device/Build/Products/Debug-iphoneos -iframework /Applications/Xcode_16.4.app/Contents/Developer/Platforms/iPhoneOS.platform/Developer/Library/Frameworks -iframework /Applications/Xcode_16.4.app/Contents/Developer/Platforms/iPhoneOS.platform/Developer/SDKs/iPhoneOS18.5.sdk/Developer/Library/Frameworks -DXcode

Copy /Users/runner/work/Nuvio-Xiec/Nuvio-Xiec/build/ios-device/Build/Intermediates.noindex/GeneratedModuleMaps-iphoneos/_FFmpeg.modulemap /Users/runner/work/Nuvio-Xiec/Nuvio-Xiec/build/ios-device/Build/Intermediates.noindex/MPVKit.build/Debug-iphoneos/_FFmpeg.build/_FFmpeg.modulemap (in target '_FFmpeg' from project 'MPVKit')
    cd /Users/runner/work/Nuvio-Xiec/Nuvio-Xiec/MPVKit
    builtin-copy -exclude .DS_Store -exclude CVS -exclude .svn -exclude .git -exclude .hg -resolve-src-symlinks /Users/runner/work/Nuvio-Xiec/Nuvio-Xiec/build/ios-device/Build/Intermediates.noindex/MPVKit.build/Debug-iphoneos/_FFmpeg.build/_FFmpeg.modulemap /Users/runner/work/Nuvio-Xiec/Nuvio-Xiec/build/ios-device/Build/Intermediates.noindex/GeneratedModuleMaps-iphoneos

MkDir /Users/runner/work/Nuvio-Xiec/Nuvio-Xiec/build/ios-device/Build/Products/Debug-iphoneos/Nuvio.app/Frameworks (in target 'iosApp' from project 'iosApp')
    cd /Users/runner/work/Nuvio-Xiec/Nuvio-Xiec/iosApp
    /bin/mkdir -p /Users/runner/work/Nuvio-Xiec/Nuvio-Xiec/build/ios-device/Build/Products/Debug-iphoneos/Nuvio.app/Frameworks

MkDir /Users/runner/work/Nuvio-Xiec/Nuvio-Xiec/build/ios-device/Build/Products/Debug-iphoneos/Nuvio.app/PlugIns (in target 'iosApp' from project 'iosApp')
    cd /Users/runner/work/Nuvio-Xiec/Nuvio-Xiec/iosApp
    /bin/mkdir -p /Users/runner/work/Nuvio-Xiec/Nuvio-Xiec/build/ios-device/Build/Products/Debug-iphoneos/Nuvio.app/PlugIns

MkDir /Users/runner/work/Nuvio-Xiec/Nuvio-Xiec/build/ios-device/Build/Products/Debug-iphoneos/Nuvio.app (in target 'iosApp' from project 'iosApp')
    cd /Users/runner/work/Nuvio-Xiec/Nuvio-Xiec/iosApp
    /bin/mkdir -p /Users/runner/work/Nuvio-Xiec/Nuvio-Xiec/build/ios-device/Build/Products/Debug-iphoneos/Nuvio.app

SwiftDriver DownloadsWidgetExtension normal arm64 com.apple.xcode.tools.swift.compiler (in target 'DownloadsWidgetExtension' from project 'iosApp')
    cd /Users/runner/work/Nuvio-Xiec/Nuvio-Xiec/iosApp
    builtin-SwiftDriver -- /Applications/Xcode_16.4.app/Contents/Developer/Toolchains/XcodeDefault.xctoolchain/usr/bin/swiftc -module-name DownloadsWidgetExtension -Onone -enforce-exclusivity\=checked @/Users/runner/work/Nuvio-Xiec/Nuvio-Xiec/build/ios-device/Build/Intermediates.noindex/iosApp.build/Debug-iphoneos/DownloadsWidgetExtension.build/Objects-normal/arm64/DownloadsWidgetExtension.SwiftFileList -DDEBUG -enable-bare-slash-regex -enable-experimental-feature DebugDescriptionMacro -sdk /Applications/Xcode_16.4.app/Contents/Developer/Platforms/iPhoneOS.platform/Developer/SDKs/iPhoneOS18.5.sdk -target arm64-apple-ios16.1 -g -module-cache-path /Users/runner/work/Nuvio-Xiec/Nuvio-Xiec/build/ios-device/ModuleCache.noindex -Xfrontend -serialize-debugging-options -application-extension -enable-testing -index-store-path /Users/runner/work/Nuvio-Xiec/Nuvio-Xiec/build/ios-device/Index.noindex/DataStore -swift-version 5 -I /Users/runner/work/Nuvio-Xiec/Nuvio-Xiec/build/ios-device/Build/Products/Debug-iphoneos -F /Users/runner/work/Nuvio-Xiec/Nuvio-Xiec/build/ios-device/Build/Products/Debug-iphoneos -emit-localized-strings -emit-localized-strings-path /Users/runner/work/Nuvio-Xiec/Nuvio-Xiec/build/ios-device/Build/Intermediates.noindex/iosApp.build/Debug-iphoneos/DownloadsWidgetExtension.build/Objects-normal/arm64 -c -j3 -enable-batch-mode -incremental -Xcc -ivfsstatcache -Xcc /Users/runner/work/Nuvio-Xiec/Nuvio-Xiec/build/ios-device/SDKStatCaches.noindex/iphoneos18.5-22F76-a529daf784b3616c7c04a36aeb7f5c05.sdkstatcache -output-file-map /Users/runner/work/Nuvio-Xiec/Nuvio-Xiec/build/ios-device/Build/Intermediates.noindex/iosApp.build/Debug-iphoneos/DownloadsWidgetExtension.build/Objects-normal/arm64/DownloadsWidgetExtension-OutputFileMap.json -use-frontend-parseable-output -save-temps -no-color-diagnostics -serialize-diagnostics -emit-dependencies -emit-module -emit-module-path /Users/runner/work/Nuvio-Xiec/Nuvio-Xiec/build/ios-device/Build/Intermediates.noindex/iosApp.build/Debug-iphoneos/DownloadsWidgetExtension.build/Objects-normal/arm64/DownloadsWidgetExtension.swiftmodule -validate-clang-modules-once -clang-build-session-file /Users/runner/work/Nuvio-Xiec/Nuvio-Xiec/build/ios-device/ModuleCache.noindex/Session.modulevalidation -Xcc -I/Users/runner/work/Nuvio-Xiec/Nuvio-Xiec/build/ios-device/Build/Intermediates.noindex/iosApp.build/Debug-iphoneos/DownloadsWidgetExtension.build/swift-overrides.hmap -emit-const-values -Xfrontend -const-gather-protocols-file -Xfrontend /Users/runner/work/Nuvio-Xiec/Nuvio-Xiec/build/ios-device/Build/Intermediates.noindex/iosApp.build/Debug-iphoneos/DownloadsWidgetExtension.build/Objects-normal/arm64/DownloadsWidgetExtension_const_extract_protocols.json -Xcc -iquote -Xcc /Users/runner/work/Nuvio-Xiec/Nuvio-Xiec/build/ios-device/Build/Intermediates.noindex/iosApp.build/Debug-iphoneos/DownloadsWidgetExtension.build/DownloadsWidgetExtension-generated-files.hmap -Xcc -I/Users/runner/work/Nuvio-Xiec/Nuvio-Xiec/build/ios-device/Build/Intermediates.noindex/iosApp.build/Debug-iphoneos/DownloadsWidgetExtension.build/DownloadsWidgetExtension-own-target-headers.hmap -Xcc -I/Users/runner/work/Nuvio-Xiec/Nuvio-Xiec/build/ios-device/Build/Intermediates.noindex/iosApp.build/Debug-iphoneos/DownloadsWidgetExtension.build/DownloadsWidgetExtension-all-non-framework-target-headers.hmap -Xcc -ivfsoverlay -Xcc /Users/runner/work/Nuvio-Xiec/Nuvio-Xiec/build/ios-device/Build/Intermediates.noindex/iosApp.build/Debug-iphoneos/iosApp-7b79493a8b7fc1f2fff3c51cd12ba024-VFS-iphoneos/all-product-headers.yaml -Xcc -iquote -Xcc /Users/runner/work/Nuvio-Xiec/Nuvio-Xiec/build/ios-device/Build/Intermediates.noindex/iosApp.build/Debug-iphoneos/DownloadsWidgetExtension.build/DownloadsWidgetExtension-project-headers.hmap -Xcc -I/Users/runner/work/Nuvio-Xiec/Nuvio-Xiec/build/ios-device/Build/Products/Debug-iphoneos/include -Xcc -I/Users/runner/work/Nuvio-Xiec/Nuvio-Xiec/build/ios-device/Build/Intermediates.noindex/iosApp.build/Debug-iphoneos/DownloadsWidgetExtension.build/DerivedSources-normal/arm64 -Xcc -I/Users/runner/work/Nuvio-Xiec/Nuvio-Xiec/build/ios-device/Build/Intermediates.noindex/iosApp.build/Debug-iphoneos/DownloadsWidgetExtension.build/DerivedSources/arm64 -Xcc -I/Users/runner/work/Nuvio-Xiec/Nuvio-Xiec/build/ios-device/Build/Intermediates.noindex/iosApp.build/Debug-iphoneos/DownloadsWidgetExtension.build/DerivedSources -Xcc -DDEBUG\=1 -emit-objc-header -emit-objc-header-path /Users/runner/work/Nuvio-Xiec/Nuvio-Xiec/build/ios-device/Build/Intermediates.noindex/iosApp.build/Debug-iphoneos/DownloadsWidgetExtension.build/Objects-normal/arm64/DownloadsWidgetExtension-Swift.h -working-directory /Users/runner/work/Nuvio-Xiec/Nuvio-Xiec/iosApp -experimental-emit-module-separately -disable-cmo

ScanDependencies /Users/runner/work/Nuvio-Xiec/Nuvio-Xiec/build/ios-device/Build/Intermediates.noindex/MPVKit.build/Debug-iphoneos/_FFmpeg.build/Objects-normal/arm64/dummy.o /Users/runner/work/Nuvio-Xiec/Nuvio-Xiec/MPVKit/Sources/_FFmpeg/dummy.c normal arm64 c com.apple.compilers.llvm.clang.1_0.compiler (in target '_FFmpeg' from project 'MPVKit')
    cd /Users/runner/work/Nuvio-Xiec/Nuvio-Xiec/iosApp/iosApp.xcodeproj
    
    Using response file: /Users/runner/work/Nuvio-Xiec/Nuvio-Xiec/build/ios-device/Build/Intermediates.noindex/MPVKit.build/Debug-iphoneos/_FFmpeg.build/Objects-normal/arm64/7187679823f38a2a940e0043cdf9d637-common-args.resp
    
    builtin-ScanDependencies -o /Users/runner/work/Nuvio-Xiec/Nuvio-Xiec/build/ios-device/Build/Intermediates.noindex/MPVKit.build/Debug-iphoneos/_FFmpeg.build/Objects-normal/arm64/dummy.o.scan -- /Applications/Xcode_16.4.app/Contents/Developer/Toolchains/XcodeDefault.xctoolchain/usr/bin/clang -x c -ivfsstatcache /Users/runner/work/Nuvio-Xiec/Nuvio-Xiec/build/ios-device/SDKStatCaches.noindex/iphoneos18.5-22F76-a529daf784b3616c7c04a36aeb7f5c05.sdkstatcache -fmessage-length\=0 -fdiagnostics-show-note-include-stack -fmacro-backtrace-limit\=0 -fno-color-diagnostics -fmodules-prune-interval\=86400 -fmodules-prune-after\=345600 -fbuild-session-file\=/Users/runner/work/Nuvio-Xiec/Nuvio-Xiec/build/ios-device/ModuleCache.noindex/Session.modulevalidation -fmodules-validate-once-per-build-session -Wnon-modular-include-in-framework-module -Werror\=non-modular-include-in-framework-module -Wno-trigraphs -Wno-missing-field-initializers -Wno-missing-prototypes -Wno-return-type -Wno-missing-braces -Wparentheses -Wswitch -Wno-unused-function -Wno-unused-label -Wno-unused-parameter -Wno-unused-variable -Wunused-value -Wno-empty-body -Wno-uninitialized -Wno-unknown-pragmas -w -Wno-shadow -Wno-four-char-constants -Wno-conversion -Wno-constant-conversion -Wno-int-conversion -Wno-bool-conversion -Wno-enum-conversion -Wno-float-conversion -Wno-non-literal-null-conversion -Wno-objc-literal-conversion -Wshorten-64-to-32 -Wpointer-sign -Wno-newline-eof -Wno-implicit-fallthrough -fstrict-aliasing -Wdeprecated-declarations -Wno-sign-conversion -Wno-infinite-recursion -Wno-comma -Wno-block-capture-autoreleasing -Wno-strict-prototypes -Wno-semicolon-before-method-body -index-store-path /Users/runner/work/Nuvio-Xiec/Nuvio-Xiec/build/ios-device/Index.noindex/DataStore @/Users/runner/work/Nuvio-Xiec/Nuvio-Xiec/build/ios-device/Build/Intermediates.noindex/MPVKit.build/Debug-iphoneos/_FFmpeg.build/Objects-normal/arm64/7187679823f38a2a940e0043cdf9d637-common-args.resp -MMD -MT dependencies -MF /Users/runner/work/Nuvio-Xiec/Nuvio-Xiec/build/ios-device/Build/Intermediates.noindex/MPVKit.build/Debug-iphoneos/_FFmpeg.build/Objects-normal/arm64/dummy.d --serialize-diagnostics /Users/runner/work/Nuvio-Xiec/Nuvio-Xiec/build/ios-device/Build/Intermediates.noindex/MPVKit.build/Debug-iphoneos/_FFmpeg.build/Objects-normal/arm64/dummy.dia -c /Users/runner/work/Nuvio-Xiec/Nuvio-Xiec/MPVKit/Sources/_FFmpeg/dummy.c -o /Users/runner/work/Nuvio-Xiec/Nuvio-Xiec/build/ios-device/Build/Intermediates.noindex/MPVKit.build/Debug-iphoneos/_FFmpeg.build/Objects-normal/arm64/dummy.o -index-unit-output-path /MPVKit.build/Debug-iphoneos/_FFmpeg.build/Objects-normal/arm64/dummy.o

ScanDependencies /Users/runner/work/Nuvio-Xiec/Nuvio-Xiec/build/ios-device/Build/Intermediates.noindex/MPVKit.build/Debug-iphoneos/_MPVKit.build/Objects-normal/arm64/dummy.o /Users/runner/work/Nuvio-Xiec/Nuvio-Xiec/MPVKit/Sources/_MPVKit/dummy.c normal arm64 c com.apple.compilers.llvm.clang.1_0.compiler (in target '_MPVKit' from project 'MPVKit')
    cd /Users/runner/work/Nuvio-Xiec/Nuvio-Xiec/iosApp/iosApp.xcodeproj
    
    Using response file: /Users/runner/work/Nuvio-Xiec/Nuvio-Xiec/build/ios-device/Build/Intermediates.noindex/MPVKit.build/Debug-iphoneos/_MPVKit.build/Objects-normal/arm64/7187679823f38a2a940e0043cdf9d637-common-args.resp
    
    builtin-ScanDependencies -o /Users/runner/work/Nuvio-Xiec/Nuvio-Xiec/build/ios-device/Build/Intermediates.noindex/MPVKit.build/Debug-iphoneos/_MPVKit.build/Objects-normal/arm64/dummy.o.scan -- /Applications/Xcode_16.4.app/Contents/Developer/Toolchains/XcodeDefault.xctoolchain/usr/bin/clang -x c -ivfsstatcache /Users/runner/work/Nuvio-Xiec/Nuvio-Xiec/build/ios-device/SDKStatCaches.noindex/iphoneos18.5-22F76-a529daf784b3616c7c04a36aeb7f5c05.sdkstatcache -fmessage-length\=0 -fdiagnostics-show-note-include-stack -fmacro-backtrace-limit\=0 -fno-color-diagnostics -fmodules-prune-interval\=86400 -fmodules-prune-after\=345600 -fbuild-session-file\=/Users/runner/work/Nuvio-Xiec/Nuvio-Xiec/build/ios-device/ModuleCache.noindex/Session.modulevalidation -fmodules-validate-once-per-build-session -Wnon-modular-include-in-framework-module -Werror\=non-modular-include-in-framework-module -Wno-trigraphs -Wno-missing-field-initializers -Wno-missing-prototypes -Wno-return-type -Wno-missing-braces -Wparentheses -Wswitch -Wno-unused-function -Wno-unused-label -Wno-unused-parameter -Wno-unused-variable -Wunused-value -Wno-empty-body -Wno-uninitialized -Wno-unknown-pragmas -w -Wno-shadow -Wno-four-char-constants -Wno-conversion -Wno-constant-conversion -Wno-int-conversion -Wno-bool-conversion -Wno-enum-conversion -Wno-float-conversion -Wno-non-literal-null-conversion -Wno-objc-literal-conversion -Wshorten-64-to-32 -Wpointer-sign -Wno-newline-eof -Wno-implicit-fallthrough -fstrict-aliasing -Wdeprecated-declarations -Wno-sign-conversion -Wno-infinite-recursion -Wno-comma -Wno-block-capture-autoreleasing -Wno-strict-prototypes -Wno-semicolon-before-method-body -index-store-path /Users/runner/work/Nuvio-Xiec/Nuvio-Xiec/build/ios-device/Index.noindex/DataStore @/Users/runner/work/Nuvio-Xiec/Nuvio-Xiec/build/ios-device/Build/Intermediates.noindex/MPVKit.build/Debug-iphoneos/_MPVKit.build/Objects-normal/arm64/7187679823f38a2a940e0043cdf9d637-common-args.resp -MMD -MT dependencies -MF /Users/runner/work/Nuvio-Xiec/Nuvio-Xiec/build/ios-device/Build/Intermediates.noindex/MPVKit.build/Debug-iphoneos/_MPVKit.build/Objects-normal/arm64/dummy.d --serialize-diagnostics /Users/runner/work/Nuvio-Xiec/Nuvio-Xiec/build/ios-device/Build/Intermediates.noindex/MPVKit.build/Debug-iphoneos/_MPVKit.build/Objects-normal/arm64/dummy.dia -c /Users/runner/work/Nuvio-Xiec/Nuvio-Xiec/MPVKit/Sources/_MPVKit/dummy.c -o /Users/runner/work/Nuvio-Xiec/Nuvio-Xiec/build/ios-device/Build/Intermediates.noindex/MPVKit.build/Debug-iphoneos/_MPVKit.build/Objects-normal/arm64/dummy.o -index-unit-output-path /MPVKit.build/Debug-iphoneos/_MPVKit.build/Objects-normal/arm64/dummy.o

SwiftEmitModule normal arm64 Emitting\ module\ for\ DownloadsWidgetExtension (in target 'DownloadsWidgetExtension' from project 'iosApp')

EmitSwiftModule normal arm64 (in target 'DownloadsWidgetExtension' from project 'iosApp')
    cd /Users/runner/work/Nuvio-Xiec/Nuvio-Xiec/iosApp
    

SwiftCompile normal arm64 Compiling\ DownloadsLiveActivityWidget.swift /Users/runner/work/Nuvio-Xiec/Nuvio-Xiec/iosApp/DownloadsWidgetExtension/DownloadsLiveActivityWidget.swift (in target 'DownloadsWidgetExtension' from project 'iosApp')
SwiftCompile normal arm64 /Users/runner/work/Nuvio-Xiec/Nuvio-Xiec/iosApp/DownloadsWidgetExtension/DownloadsLiveActivityWidget.swift (in target 'DownloadsWidgetExtension' from project 'iosApp')
    cd /Users/runner/work/Nuvio-Xiec/Nuvio-Xiec/iosApp
    

SwiftCompile normal arm64 Compiling\ DownloadsWidgetBundle.swift /Users/runner/work/Nuvio-Xiec/Nuvio-Xiec/iosApp/DownloadsWidgetExtension/DownloadsWidgetBundle.swift (in target 'DownloadsWidgetExtension' from project 'iosApp')

SwiftCompile normal arm64 /Users/runner/work/Nuvio-Xiec/Nuvio-Xiec/iosApp/DownloadsWidgetExtension/DownloadsWidgetBundle.swift (in target 'DownloadsWidgetExtension' from project 'iosApp')
    cd /Users/runner/work/Nuvio-Xiec/Nuvio-Xiec/iosApp
    

CompileC /Users/runner/work/Nuvio-Xiec/Nuvio-Xiec/build/ios-device/Build/Intermediates.noindex/MPVKit.build/Debug-iphoneos/_MPVKit.build/Objects-normal/arm64/dummy.o /Users/runner/work/Nuvio-Xiec/Nuvio-Xiec/MPVKit/Sources/_MPVKit/dummy.c normal arm64 c com.apple.compilers.llvm.clang.1_0.compiler (in target '_MPVKit' from project 'MPVKit')
    cd /Users/runner/work/Nuvio-Xiec/Nuvio-Xiec/iosApp/iosApp.xcodeproj
    
    Using response file: /Users/runner/work/Nuvio-Xiec/Nuvio-Xiec/build/ios-device/Build/Intermediates.noindex/MPVKit.build/Debug-iphoneos/_MPVKit.build/Objects-normal/arm64/7187679823f38a2a940e0043cdf9d637-common-args.resp
    
    /Applications/Xcode_16.4.app/Contents/Developer/Toolchains/XcodeDefault.xctoolchain/usr/bin/clang -x c -ivfsstatcache /Users/runner/work/Nuvio-Xiec/Nuvio-Xiec/build/ios-device/SDKStatCaches.noindex/iphoneos18.5-22F76-a529daf784b3616c7c04a36aeb7f5c05.sdkstatcache -fmessage-length\=0 -fdiagnostics-show-note-include-stack -fmacro-backtrace-limit\=0 -fno-color-diagnostics -fmodules-prune-interval\=86400 -fmodules-prune-after\=345600 -fbuild-session-file\=/Users/runner/work/Nuvio-Xiec/Nuvio-Xiec/build/ios-device/ModuleCache.noindex/Session.modulevalidation -fmodules-validate-once-per-build-session -Wnon-modular-include-in-framework-module -Werror\=non-modular-include-in-framework-module -Wno-trigraphs -Wno-missing-field-initializers -Wno-missing-prototypes -Wno-return-type -Wno-missing-braces -Wparentheses -Wswitch -Wno-unused-function -Wno-unused-label -Wno-unused-parameter -Wno-unused-variable -Wunused-value -Wno-empty-body -Wno-uninitialized -Wno-unknown-pragmas -w -Wno-shadow -Wno-four-char-constants -Wno-conversion -Wno-constant-conversion -Wno-int-conversion -Wno-bool-conversion -Wno-enum-conversion -Wno-float-conversion -Wno-non-literal-null-conversion -Wno-objc-literal-conversion -Wshorten-64-to-32 -Wpointer-sign -Wno-newline-eof -Wno-implicit-fallthrough -fstrict-aliasing -Wdeprecated-declarations -Wno-sign-conversion -Wno-infinite-recursion -Wno-comma -Wno-block-capture-autoreleasing -Wno-strict-prototypes -Wno-semicolon-before-method-body -index-store-path /Users/runner/work/Nuvio-Xiec/Nuvio-Xiec/build/ios-device/Index.noindex/DataStore @/Users/runner/work/Nuvio-Xiec/Nuvio-Xiec/build/ios-device/Build/Intermediates.noindex/MPVKit.build/Debug-iphoneos/_MPVKit.build/Objects-normal/arm64/7187679823f38a2a940e0043cdf9d637-common-args.resp -MMD -MT dependencies -MF /Users/runner/work/Nuvio-Xiec/Nuvio-Xiec/build/ios-device/Build/Intermediates.noindex/MPVKit.build/Debug-iphoneos/_MPVKit.build/Objects-normal/arm64/dummy.d --serialize-diagnostics /Users/runner/work/Nuvio-Xiec/Nuvio-Xiec/build/ios-device/Build/Intermediates.noindex/MPVKit.build/Debug-iphoneos/_MPVKit.build/Objects-normal/arm64/dummy.dia -c /Users/runner/work/Nuvio-Xiec/Nuvio-Xiec/MPVKit/Sources/_MPVKit/dummy.c -o /Users/runner/work/Nuvio-Xiec/Nuvio-Xiec/build/ios-device/Build/Intermediates.noindex/MPVKit.build/Debug-iphoneos/_MPVKit.build/Objects-normal/arm64/dummy.o -index-unit-output-path /MPVKit.build/Debug-iphoneos/_MPVKit.build/Objects-normal/arm64/dummy.o

SwiftDriverJobDiscovery normal arm64 Emitting module for DownloadsWidgetExtension (in target 'DownloadsWidgetExtension' from project 'iosApp')

SwiftDriver\ Compilation\ Requirements DownloadsWidgetExtension normal arm64 com.apple.xcode.tools.swift.compiler (in target 'DownloadsWidgetExtension' from project 'iosApp')
    cd /Users/runner/work/Nuvio-Xiec/Nuvio-Xiec/iosApp
    builtin-Swift-Compilation-Requirements -- /Applications/Xcode_16.4.app/Contents/Developer/Toolchains/XcodeDefault.xctoolchain/usr/bin/swiftc -module-name DownloadsWidgetExtension -Onone -enforce-exclusivity\=checked @/Users/runner/work/Nuvio-Xiec/Nuvio-Xiec/build/ios-device/Build/Intermediates.noindex/iosApp.build/Debug-iphoneos/DownloadsWidgetExtension.build/Objects-normal/arm64/DownloadsWidgetExtension.SwiftFileList -DDEBUG -enable-bare-slash-regex -enable-experimental-feature DebugDescriptionMacro -sdk /Applications/Xcode_16.4.app/Contents/Developer/Platforms/iPhoneOS.platform/Developer/SDKs/iPhoneOS18.5.sdk -target arm64-apple-ios16.1 -g -module-cache-path /Users/runner/work/Nuvio-Xiec/Nuvio-Xiec/build/ios-device/ModuleCache.noindex -Xfrontend -serialize-debugging-options -application-extension -enable-testing -index-store-path /Users/runner/work/Nuvio-Xiec/Nuvio-Xiec/build/ios-device/Index.noindex/DataStore -swift-version 5 -I /Users/runner/work/Nuvio-Xiec/Nuvio-Xiec/build/ios-device/Build/Products/Debug-iphoneos -F /Users/runner/work/Nuvio-Xiec/Nuvio-Xiec/build/ios-device/Build/Products/Debug-iphoneos -emit-localized-strings -emit-localized-strings-path /Users/runner/work/Nuvio-Xiec/Nuvio-Xiec/build/ios-device/Build/Intermediates.noindex/iosApp.build/Debug-iphoneos/DownloadsWidgetExtension.build/Objects-normal/arm64 -c -j3 -enable-batch-mode -incremental -Xcc -ivfsstatcache -Xcc /Users/runner/work/Nuvio-Xiec/Nuvio-Xiec/build/ios-device/SDKStatCaches.noindex/iphoneos18.5-22F76-a529daf784b3616c7c04a36aeb7f5c05.sdkstatcache -output-file-map /Users/runner/work/Nuvio-Xiec/Nuvio-Xiec/build/ios-device/Build/Intermediates.noindex/iosApp.build/Debug-iphoneos/DownloadsWidgetExtension.build/Objects-normal/arm64/DownloadsWidgetExtension-OutputFileMap.json -use-frontend-parseable-output -save-temps -no-color-diagnostics -serialize-diagnostics -emit-dependencies -emit-module -emit-module-path /Users/runner/work/Nuvio-Xiec/Nuvio-Xiec/build/ios-device/Build/Intermediates.noindex/iosApp.build/Debug-iphoneos/DownloadsWidgetExtension.build/Objects-normal/arm64/DownloadsWidgetExtension.swiftmodule -validate-clang-modules-once -clang-build-session-file /Users/runner/work/Nuvio-Xiec/Nuvio-Xiec/build/ios-device/ModuleCache.noindex/Session.modulevalidation -Xcc -I/Users/runner/work/Nuvio-Xiec/Nuvio-Xiec/build/ios-device/Build/Intermediates.noindex/iosApp.build/Debug-iphoneos/DownloadsWidgetExtension.build/swift-overrides.hmap -emit-const-values -Xfrontend -const-gather-protocols-file -Xfrontend /Users/runner/work/Nuvio-Xiec/Nuvio-Xiec/build/ios-device/Build/Intermediates.noindex/iosApp.build/Debug-iphoneos/DownloadsWidgetExtension.build/Objects-normal/arm64/DownloadsWidgetExtension_const_extract_protocols.json -Xcc -iquote -Xcc /Users/runner/work/Nuvio-Xiec/Nuvio-Xiec/build/ios-device/Build/Intermediates.noindex/iosApp.build/Debug-iphoneos/DownloadsWidgetExtension.build/DownloadsWidgetExtension-generated-files.hmap -Xcc -I/Users/runner/work/Nuvio-Xiec/Nuvio-Xiec/build/ios-device/Build/Intermediates.noindex/iosApp.build/Debug-iphoneos/DownloadsWidgetExtension.build/DownloadsWidgetExtension-own-target-headers.hmap -Xcc -I/Users/runner/work/Nuvio-Xiec/Nuvio-Xiec/build/ios-device/Build/Intermediates.noindex/iosApp.build/Debug-iphoneos/DownloadsWidgetExtension.build/DownloadsWidgetExtension-all-non-framework-target-headers.hmap -Xcc -ivfsoverlay -Xcc /Users/runner/work/Nuvio-Xiec/Nuvio-Xiec/build/ios-device/Build/Intermediates.noindex/iosApp.build/Debug-iphoneos/iosApp-7b79493a8b7fc1f2fff3c51cd12ba024-VFS-iphoneos/all-product-headers.yaml -Xcc -iquote -Xcc /Users/runner/work/Nuvio-Xiec/Nuvio-Xiec/build/ios-device/Build/Intermediates.noindex/iosApp.build/Debug-iphoneos/DownloadsWidgetExtension.build/DownloadsWidgetExtension-project-headers.hmap -Xcc -I/Users/runner/work/Nuvio-Xiec/Nuvio-Xiec/build/ios-device/Build/Products/Debug-iphoneos/include -Xcc -I/Users/runner/work/Nuvio-Xiec/Nuvio-Xiec/build/ios-device/Build/Intermediates.noindex/iosApp.build/Debug-iphoneos/DownloadsWidgetExtension.build/DerivedSources-normal/arm64 -Xcc -I/Users/runner/work/Nuvio-Xiec/Nuvio-Xiec/build/ios-device/Build/Intermediates.noindex/iosApp.build/Debug-iphoneos/DownloadsWidgetExtension.build/DerivedSources/arm64 -Xcc -I/Users/runner/work/Nuvio-Xiec/Nuvio-Xiec/build/ios-device/Build/Intermediates.noindex/iosApp.build/Debug-iphoneos/DownloadsWidgetExtension.build/DerivedSources -Xcc -DDEBUG\=1 -emit-objc-header -emit-objc-header-path /Users/runner/work/Nuvio-Xiec/Nuvio-Xiec/build/ios-device/Build/Intermediates.noindex/iosApp.build/Debug-iphoneos/DownloadsWidgetExtension.build/Objects-normal/arm64/DownloadsWidgetExtension-Swift.h -working-directory /Users/runner/work/Nuvio-Xiec/Nuvio-Xiec/iosApp -experimental-emit-module-separately -disable-cmo

CompileC /Users/runner/work/Nuvio-Xiec/Nuvio-Xiec/build/ios-device/Build/Intermediates.noindex/MPVKit.build/Debug-iphoneos/_FFmpeg.build/Objects-normal/arm64/dummy.o /Users/runner/work/Nuvio-Xiec/Nuvio-Xiec/MPVKit/Sources/_FFmpeg/dummy.c normal arm64 c com.apple.compilers.llvm.clang.1_0.compiler (in target '_FFmpeg' from project 'MPVKit')
    cd /Users/runner/work/Nuvio-Xiec/Nuvio-Xiec/iosApp/iosApp.xcodeproj
    
    Using response file: /Users/runner/work/Nuvio-Xiec/Nuvio-Xiec/build/ios-device/Build/Intermediates.noindex/MPVKit.build/Debug-iphoneos/_FFmpeg.build/Objects-normal/arm64/7187679823f38a2a940e0043cdf9d637-common-args.resp
    
    /Applications/Xcode_16.4.app/Contents/Developer/Toolchains/XcodeDefault.xctoolchain/usr/bin/clang -x c -ivfsstatcache /Users/runner/work/Nuvio-Xiec/Nuvio-Xiec/build/ios-device/SDKStatCaches.noindex/iphoneos18.5-22F76-a529daf784b3616c7c04a36aeb7f5c05.sdkstatcache -fmessage-length\=0 -fdiagnostics-show-note-include-stack -fmacro-backtrace-limit\=0 -fno-color-diagnostics -fmodules-prune-interval\=86400 -fmodules-prune-after\=345600 -fbuild-session-file\=/Users/runner/work/Nuvio-Xiec/Nuvio-Xiec/build/ios-device/ModuleCache.noindex/Session.modulevalidation -fmodules-validate-once-per-build-session -Wnon-modular-include-in-framework-module -Werror\=non-modular-include-in-framework-module -Wno-trigraphs -Wno-missing-field-initializers -Wno-missing-prototypes -Wno-return-type -Wno-missing-braces -Wparentheses -Wswitch -Wno-unused-function -Wno-unused-label -Wno-unused-parameter -Wno-unused-variable -Wunused-value -Wno-empty-body -Wno-uninitialized -Wno-unknown-pragmas -w -Wno-shadow -Wno-four-char-constants -Wno-conversion -Wno-constant-conversion -Wno-int-conversion -Wno-bool-conversion -Wno-enum-conversion -Wno-float-conversion -Wno-non-literal-null-conversion -Wno-objc-literal-conversion -Wshorten-64-to-32 -Wpointer-sign -Wno-newline-eof -Wno-implicit-fallthrough -fstrict-aliasing -Wdeprecated-declarations -Wno-sign-conversion -Wno-infinite-recursion -Wno-comma -Wno-block-capture-autoreleasing -Wno-strict-prototypes -Wno-semicolon-before-method-body -index-store-path /Users/runner/work/Nuvio-Xiec/Nuvio-Xiec/build/ios-device/Index.noindex/DataStore @/Users/runner/work/Nuvio-Xiec/Nuvio-Xiec/build/ios-device/Build/Intermediates.noindex/MPVKit.build/Debug-iphoneos/_FFmpeg.build/Objects-normal/arm64/7187679823f38a2a940e0043cdf9d637-common-args.resp -MMD -MT dependencies -MF /Users/runner/work/Nuvio-Xiec/Nuvio-Xiec/build/ios-device/Build/Intermediates.noindex/MPVKit.build/Debug-iphoneos/_FFmpeg.build/Objects-normal/arm64/dummy.d --serialize-diagnostics /Users/runner/work/Nuvio-Xiec/Nuvio-Xiec/build/ios-device/Build/Intermediates.noindex/MPVKit.build/Debug-iphoneos/_FFmpeg.build/Objects-normal/arm64/dummy.dia -c /Users/runner/work/Nuvio-Xiec/Nuvio-Xiec/MPVKit/Sources/_FFmpeg/dummy.c -o /Users/runner/work/Nuvio-Xiec/Nuvio-Xiec/build/ios-device/Build/Intermediates.noindex/MPVKit.build/Debug-iphoneos/_FFmpeg.build/Objects-normal/arm64/dummy.o -index-unit-output-path /MPVKit.build/Debug-iphoneos/_FFmpeg.build/Objects-normal/arm64/dummy.o

SwiftMergeGeneratedHeaders /Users/runner/work/Nuvio-Xiec/Nuvio-Xiec/build/ios-device/Build/Intermediates.noindex/iosApp.build/Debug-iphoneos/DownloadsWidgetExtension.build/DerivedSources/DownloadsWidgetExtension-Swift.h /Users/runner/work/Nuvio-Xiec/Nuvio-Xiec/build/ios-device/Build/Intermediates.noindex/iosApp.build/Debug-iphoneos/DownloadsWidgetExtension.build/Objects-normal/arm64/DownloadsWidgetExtension-Swift.h (in target 'DownloadsWidgetExtension' from project 'iosApp')
    cd /Users/runner/work/Nuvio-Xiec/Nuvio-Xiec/iosApp
    builtin-swiftHeaderTool -arch arm64 /Users/runner/work/Nuvio-Xiec/Nuvio-Xiec/build/ios-device/Build/Intermediates.noindex/iosApp.build/Debug-iphoneos/DownloadsWidgetExtension.build/Objects-normal/arm64/DownloadsWidgetExtension-Swift.h -o /Users/runner/work/Nuvio-Xiec/Nuvio-Xiec/build/ios-device/Build/Intermediates.noindex/iosApp.build/Debug-iphoneos/DownloadsWidgetExtension.build/DerivedSources/DownloadsWidgetExtension-Swift.h

Ld /Users/runner/work/Nuvio-Xiec/Nuvio-Xiec/build/ios-device/Build/Products/Debug-iphoneos/_FFmpeg.o normal (in target '_FFmpeg' from project 'MPVKit')
    cd /Users/runner/work/Nuvio-Xiec/Nuvio-Xiec/MPVKit
    /Applications/Xcode_16.4.app/Contents/Developer/Toolchains/XcodeDefault.xctoolchain/usr/bin/clang -Xlinker -reproducible -target arm64-apple-ios14.0 -r -isysroot /Applications/Xcode_16.4.app/Contents/Developer/Platforms/iPhoneOS.platform/Developer/SDKs/iPhoneOS18.5.sdk -O0 -w -L/Users/runner/work/Nuvio-Xiec/Nuvio-Xiec/build/ios-device/Build/Intermediates.noindex/EagerLinkingTBDs/Debug-iphoneos -L/Users/runner/work/Nuvio-Xiec/Nuvio-Xiec/build/ios-device/Build/Products/Debug-iphoneos -L/Applications/Xcode_16.4.app/Contents/Developer/Platforms/iPhoneOS.platform/Developer/usr/lib -F/Users/runner/work/Nuvio-Xiec/Nuvio-Xiec/build/ios-device/Build/Intermediates.noindex/EagerLinkingTBDs/Debug-iphoneos -F/Users/runner/work/Nuvio-Xiec/Nuvio-Xiec/build/ios-device/Build/Products/Debug-iphoneos -iframework /Applications/Xcode_16.4.app/Contents/Developer/Platforms/iPhoneOS.platform/Developer/Library/Frameworks -iframework /Applications/Xcode_16.4.app/Contents/Developer/Platforms/iPhoneOS.platform/Developer/SDKs/iPhoneOS18.5.sdk/Developer/Library/Frameworks -filelist /Users/runner/work/Nuvio-Xiec/Nuvio-Xiec/build/ios-device/Build/Intermediates.noindex/MPVKit.build/Debug-iphoneos/_FFmpeg.build/Objects-normal/arm64/_FFmpeg.LinkFileList -nostdlib -Xlinker -object_path_lto -Xlinker /Users/runner/work/Nuvio-Xiec/Nuvio-Xiec/build/ios-device/Build/Intermediates.noindex/MPVKit.build/Debug-iphoneos/_FFmpeg.build/Objects-normal/arm64/_FFmpeg_lto.o -rdynamic -Xlinker -no_deduplicate -Xlinker -dependency_info -Xlinker /Users/runner/work/Nuvio-Xiec/Nuvio-Xiec/build/ios-device/Build/Intermediates.noindex/MPVKit.build/Debug-iphoneos/_FFmpeg.build/Objects-normal/arm64/_FFmpeg_dependency_info.dat -o /Users/runner/work/Nuvio-Xiec/Nuvio-Xiec/build/ios-device/Build/Products/Debug-iphoneos/_FFmpeg.o

Copy /Users/runner/work/Nuvio-Xiec/Nuvio-Xiec/build/ios-device/Build/Products/Debug-iphoneos/DownloadsWidgetExtension.swiftmodule/arm64-apple-ios.swiftmodule /Users/runner/work/Nuvio-Xiec/Nuvio-Xiec/build/ios-device/Build/Intermediates.noindex/iosApp.build/Debug-iphoneos/DownloadsWidgetExtension.build/Objects-normal/arm64/DownloadsWidgetExtension.swiftmodule (in target 'DownloadsWidgetExtension' from project 'iosApp')
    cd /Users/runner/work/Nuvio-Xiec/Nuvio-Xiec/iosApp
    builtin-copy -exclude .DS_Store -exclude CVS -exclude .svn -exclude .git -exclude .hg -resolve-src-symlinks -rename /Users/runner/work/Nuvio-Xiec/Nuvio-Xiec/build/ios-device/Build/Intermediates.noindex/iosApp.build/Debug-iphoneos/DownloadsWidgetExtension.build/Objects-normal/arm64/DownloadsWidgetExtension.swiftmodule /Users/runner/work/Nuvio-Xiec/Nuvio-Xiec/build/ios-device/Build/Products/Debug-iphoneos/DownloadsWidgetExtension.swiftmodule/arm64-apple-ios.swiftmodule

Copy /Users/runner/work/Nuvio-Xiec/Nuvio-Xiec/build/ios-device/Build/Products/Debug-iphoneos/DownloadsWidgetExtension.swiftmodule/arm64-apple-ios.swiftdoc /Users/runner/work/Nuvio-Xiec/Nuvio-Xiec/build/ios-device/Build/Intermediates.noindex/iosApp.build/Debug-iphoneos/DownloadsWidgetExtension.build/Objects-normal/arm64/DownloadsWidgetExtension.swiftdoc (in target 'DownloadsWidgetExtension' from project 'iosApp')
    cd /Users/runner/work/Nuvio-Xiec/Nuvio-Xiec/iosApp
    builtin-copy -exclude .DS_Store -exclude CVS -exclude .svn -exclude .git -exclude .hg -resolve-src-symlinks -rename /Users/runner/work/Nuvio-Xiec/Nuvio-Xiec/build/ios-device/Build/Intermediates.noindex/iosApp.build/Debug-iphoneos/DownloadsWidgetExtension.build/Objects-normal/arm64/DownloadsWidgetExtension.swiftdoc /Users/runner/work/Nuvio-Xiec/Nuvio-Xiec/build/ios-device/Build/Products/Debug-iphoneos/DownloadsWidgetExtension.swiftmodule/arm64-apple-ios.swiftdoc

Copy /Users/runner/work/Nuvio-Xiec/Nuvio-Xiec/build/ios-device/Build/Products/Debug-iphoneos/DownloadsWidgetExtension.swiftmodule/arm64-apple-ios.abi.json /Users/runner/work/Nuvio-Xiec/Nuvio-Xiec/build/ios-device/Build/Intermediates.noindex/iosApp.build/Debug-iphoneos/DownloadsWidgetExtension.build/Objects-normal/arm64/DownloadsWidgetExtension.abi.json (in target 'DownloadsWidgetExtension' from project 'iosApp')
    cd /Users/runner/work/Nuvio-Xiec/Nuvio-Xiec/iosApp
    builtin-copy -exclude .DS_Store -exclude CVS -exclude .svn -exclude .git -exclude .hg -resolve-src-symlinks -rename /Users/runner/work/Nuvio-Xiec/Nuvio-Xiec/build/ios-device/Build/Intermediates.noindex/iosApp.build/Debug-iphoneos/DownloadsWidgetExtension.build/Objects-normal/arm64/DownloadsWidgetExtension.abi.json /Users/runner/work/Nuvio-Xiec/Nuvio-Xiec/build/ios-device/Build/Products/Debug-iphoneos/DownloadsWidgetExtension.swiftmodule/arm64-apple-ios.abi.json

Copy /Users/runner/work/Nuvio-Xiec/Nuvio-Xiec/build/ios-device/Build/Products/Debug-iphoneos/DownloadsWidgetExtension.swiftmodule/Project/arm64-apple-ios.swiftsourceinfo /Users/runner/work/Nuvio-Xiec/Nuvio-Xiec/build/ios-device/Build/Intermediates.noindex/iosApp.build/Debug-iphoneos/DownloadsWidgetExtension.build/Objects-normal/arm64/DownloadsWidgetExtension.swiftsourceinfo (in target 'DownloadsWidgetExtension' from project 'iosApp')
    cd /Users/runner/work/Nuvio-Xiec/Nuvio-Xiec/iosApp
    builtin-copy -exclude .DS_Store -exclude CVS -exclude .svn -exclude .git -exclude .hg -resolve-src-symlinks -rename /Users/runner/work/Nuvio-Xiec/Nuvio-Xiec/build/ios-device/Build/Intermediates.noindex/iosApp.build/Debug-iphoneos/DownloadsWidgetExtension.build/Objects-normal/arm64/DownloadsWidgetExtension.swiftsourceinfo /Users/runner/work/Nuvio-Xiec/Nuvio-Xiec/build/ios-device/Build/Products/Debug-iphoneos/DownloadsWidgetExtension.swiftmodule/Project/arm64-apple-ios.swiftsourceinfo

RegisterExecutionPolicyException /Users/runner/work/Nuvio-Xiec/Nuvio-Xiec/build/ios-device/Build/Products/Debug-iphoneos/_FFmpeg.o (in target '_FFmpeg' from project 'MPVKit')
    cd /Users/runner/work/Nuvio-Xiec/Nuvio-Xiec/MPVKit
    builtin-RegisterExecutionPolicyException /Users/runner/work/Nuvio-Xiec/Nuvio-Xiec/build/ios-device/Build/Products/Debug-iphoneos/_FFmpeg.o

Ld /Users/runner/work/Nuvio-Xiec/Nuvio-Xiec/build/ios-device/Build/Products/Debug-iphoneos/_MPVKit.o normal (in target '_MPVKit' from project 'MPVKit')
    cd /Users/runner/work/Nuvio-Xiec/Nuvio-Xiec/MPVKit
    /Applications/Xcode_16.4.app/Contents/Developer/Toolchains/XcodeDefault.xctoolchain/usr/bin/clang -Xlinker -reproducible -target arm64-apple-ios14.0 -r -isysroot /Applications/Xcode_16.4.app/Contents/Developer/Platforms/iPhoneOS.platform/Developer/SDKs/iPhoneOS18.5.sdk -O0 -w -L/Users/runner/work/Nuvio-Xiec/Nuvio-Xiec/build/ios-device/Build/Intermediates.noindex/EagerLinkingTBDs/Debug-iphoneos -L/Users/runner/work/Nuvio-Xiec/Nuvio-Xiec/build/ios-device/Build/Products/Debug-iphoneos -L/Applications/Xcode_16.4.app/Contents/Developer/Platforms/iPhoneOS.platform/Developer/usr/lib -F/Users/runner/work/Nuvio-Xiec/Nuvio-Xiec/build/ios-device/Build/Intermediates.noindex/EagerLinkingTBDs/Debug-iphoneos -F/Users/runner/work/Nuvio-Xiec/Nuvio-Xiec/build/ios-device/Build/Products/Debug-iphoneos/PackageFrameworks -F/Users/runner/work/Nuvio-Xiec/Nuvio-Xiec/build/ios-device/Build/Products/Debug-iphoneos -iframework /Applications/Xcode_16.4.app/Contents/Developer/Platforms/iPhoneOS.platform/Developer/Library/Frameworks -iframework /Applications/Xcode_16.4.app/Contents/Developer/Platforms/iPhoneOS.platform/Developer/SDKs/iPhoneOS18.5.sdk/Developer/Library/Frameworks -filelist /Users/runner/work/Nuvio-Xiec/Nuvio-Xiec/build/ios-device/Build/Intermediates.noindex/MPVKit.build/Debug-iphoneos/_MPVKit.build/Objects-normal/arm64/_MPVKit.LinkFileList -nostdlib -Xlinker -object_path_lto -Xlinker /Users/runner/work/Nuvio-Xiec/Nuvio-Xiec/build/ios-device/Build/Intermediates.noindex/MPVKit.build/Debug-iphoneos/_MPVKit.build/Objects-normal/arm64/_MPVKit_lto.o -rdynamic -Xlinker -no_deduplicate -Xlinker -dependency_info -Xlinker /Users/runner/work/Nuvio-Xiec/Nuvio-Xiec/build/ios-device/Build/Intermediates.noindex/MPVKit.build/Debug-iphoneos/_MPVKit.build/Objects-normal/arm64/_MPVKit_dependency_info.dat -o /Users/runner/work/Nuvio-Xiec/Nuvio-Xiec/build/ios-device/Build/Products/Debug-iphoneos/_MPVKit.o

RegisterExecutionPolicyException /Users/runner/work/Nuvio-Xiec/Nuvio-Xiec/build/ios-device/Build/Products/Debug-iphoneos/_MPVKit.o (in target '_MPVKit' from project 'MPVKit')
    cd /Users/runner/work/Nuvio-Xiec/Nuvio-Xiec/MPVKit
    builtin-RegisterExecutionPolicyException /Users/runner/work/Nuvio-Xiec/Nuvio-Xiec/build/ios-device/Build/Products/Debug-iphoneos/_MPVKit.o

SwiftDriverJobDiscovery normal arm64 Compiling DownloadsWidgetBundle.swift (in target 'DownloadsWidgetExtension' from project 'iosApp')

SwiftDriverJobDiscovery normal arm64 Compiling DownloadsLiveActivityWidget.swift (in target 'DownloadsWidgetExtension' from project 'iosApp')

SwiftDriver\ Compilation DownloadsWidgetExtension normal arm64 com.apple.xcode.tools.swift.compiler (in target 'DownloadsWidgetExtension' from project 'iosApp')
    cd /Users/runner/work/Nuvio-Xiec/Nuvio-Xiec/iosApp
    builtin-Swift-Compilation -- /Applications/Xcode_16.4.app/Contents/Developer/Toolchains/XcodeDefault.xctoolchain/usr/bin/swiftc -module-name DownloadsWidgetExtension -Onone -enforce-exclusivity\=checked @/Users/runner/work/Nuvio-Xiec/Nuvio-Xiec/build/ios-device/Build/Intermediates.noindex/iosApp.build/Debug-iphoneos/DownloadsWidgetExtension.build/Objects-normal/arm64/DownloadsWidgetExtension.SwiftFileList -DDEBUG -enable-bare-slash-regex -enable-experimental-feature DebugDescriptionMacro -sdk /Applications/Xcode_16.4.app/Contents/Developer/Platforms/iPhoneOS.platform/Developer/SDKs/iPhoneOS18.5.sdk -target arm64-apple-ios16.1 -g -module-cache-path /Users/runner/work/Nuvio-Xiec/Nuvio-Xiec/build/ios-device/ModuleCache.noindex -Xfrontend -serialize-debugging-options -application-extension -enable-testing -index-store-path /Users/runner/work/Nuvio-Xiec/Nuvio-Xiec/build/ios-device/Index.noindex/DataStore -swift-version 5 -I /Users/runner/work/Nuvio-Xiec/Nuvio-Xiec/build/ios-device/Build/Products/Debug-iphoneos -F /Users/runner/work/Nuvio-Xiec/Nuvio-Xiec/build/ios-device/Build/Products/Debug-iphoneos -emit-localized-strings -emit-localized-strings-path /Users/runner/work/Nuvio-Xiec/Nuvio-Xiec/build/ios-device/Build/Intermediates.noindex/iosApp.build/Debug-iphoneos/DownloadsWidgetExtension.build/Objects-normal/arm64 -c -j3 -enable-batch-mode -incremental -Xcc -ivfsstatcache -Xcc /Users/runner/work/Nuvio-Xiec/Nuvio-Xiec/build/ios-device/SDKStatCaches.noindex/iphoneos18.5-22F76-a529daf784b3616c7c04a36aeb7f5c05.sdkstatcache -output-file-map /Users/runner/work/Nuvio-Xiec/Nuvio-Xiec/build/ios-device/Build/Intermediates.noindex/iosApp.build/Debug-iphoneos/DownloadsWidgetExtension.build/Objects-normal/arm64/DownloadsWidgetExtension-OutputFileMap.json -use-frontend-parseable-output -save-temps -no-color-diagnostics -serialize-diagnostics -emit-dependencies -emit-module -emit-module-path /Users/runner/work/Nuvio-Xiec/Nuvio-Xiec/build/ios-device/Build/Intermediates.noindex/iosApp.build/Debug-iphoneos/DownloadsWidgetExtension.build/Objects-normal/arm64/DownloadsWidgetExtension.swiftmodule -validate-clang-modules-once -clang-build-session-file /Users/runner/work/Nuvio-Xiec/Nuvio-Xiec/build/ios-device/ModuleCache.noindex/Session.modulevalidation -Xcc -I/Users/runner/work/Nuvio-Xiec/Nuvio-Xiec/build/ios-device/Build/Intermediates.noindex/iosApp.build/Debug-iphoneos/DownloadsWidgetExtension.build/swift-overrides.hmap -emit-const-values -Xfrontend -const-gather-protocols-file -Xfrontend /Users/runner/work/Nuvio-Xiec/Nuvio-Xiec/build/ios-device/Build/Intermediates.noindex/iosApp.build/Debug-iphoneos/DownloadsWidgetExtension.build/Objects-normal/arm64/DownloadsWidgetExtension_const_extract_protocols.json -Xcc -iquote -Xcc /Users/runner/work/Nuvio-Xiec/Nuvio-Xiec/build/ios-device/Build/Intermediates.noindex/iosApp.build/Debug-iphoneos/DownloadsWidgetExtension.build/DownloadsWidgetExtension-generated-files.hmap -Xcc -I/Users/runner/work/Nuvio-Xiec/Nuvio-Xiec/build/ios-device/Build/Intermediates.noindex/iosApp.build/Debug-iphoneos/DownloadsWidgetExtension.build/DownloadsWidgetExtension-own-target-headers.hmap -Xcc -I/Users/runner/work/Nuvio-Xiec/Nuvio-Xiec/build/ios-device/Build/Intermediates.noindex/iosApp.build/Debug-iphoneos/DownloadsWidgetExtension.build/DownloadsWidgetExtension-all-non-framework-target-headers.hmap -Xcc -ivfsoverlay -Xcc /Users/runner/work/Nuvio-Xiec/Nuvio-Xiec/build/ios-device/Build/Intermediates.noindex/iosApp.build/Debug-iphoneos/iosApp-7b79493a8b7fc1f2fff3c51cd12ba024-VFS-iphoneos/all-product-headers.yaml -Xcc -iquote -Xcc /Users/runner/work/Nuvio-Xiec/Nuvio-Xiec/build/ios-device/Build/Intermediates.noindex/iosApp.build/Debug-iphoneos/DownloadsWidgetExtension.build/DownloadsWidgetExtension-project-headers.hmap -Xcc -I/Users/runner/work/Nuvio-Xiec/Nuvio-Xiec/build/ios-device/Build/Products/Debug-iphoneos/include -Xcc -I/Users/runner/work/Nuvio-Xiec/Nuvio-Xiec/build/ios-device/Build/Intermediates.noindex/iosApp.build/Debug-iphoneos/DownloadsWidgetExtension.build/DerivedSources-normal/arm64 -Xcc -I/Users/runner/work/Nuvio-Xiec/Nuvio-Xiec/build/ios-device/Build/Intermediates.noindex/iosApp.build/Debug-iphoneos/DownloadsWidgetExtension.build/DerivedSources/arm64 -Xcc -I/Users/runner/work/Nuvio-Xiec/Nuvio-Xiec/build/ios-device/Build/Intermediates.noindex/iosApp.build/Debug-iphoneos/DownloadsWidgetExtension.build/DerivedSources -Xcc -DDEBUG\=1 -emit-objc-header -emit-objc-header-path /Users/runner/work/Nuvio-Xiec/Nuvio-Xiec/build/ios-device/Build/Intermediates.noindex/iosApp.build/Debug-iphoneos/DownloadsWidgetExtension.build/Objects-normal/arm64/DownloadsWidgetExtension-Swift.h -working-directory /Users/runner/work/Nuvio-Xiec/Nuvio-Xiec/iosApp -experimental-emit-module-separately -disable-cmo

Ld /Users/runner/work/Nuvio-Xiec/Nuvio-Xiec/build/ios-device/Build/Products/Debug-iphoneos/DownloadsWidgetExtension.appex/DownloadsWidgetExtension.debug.dylib normal (in target 'DownloadsWidgetExtension' from project 'iosApp')
    cd /Users/runner/work/Nuvio-Xiec/Nuvio-Xiec/iosApp
    /Applications/Xcode_16.4.app/Contents/Developer/Toolchains/XcodeDefault.xctoolchain/usr/bin/clang -Xlinker -reproducible -target arm64-apple-ios16.1 -dynamiclib -isysroot /Applications/Xcode_16.4.app/Contents/Developer/Platforms/iPhoneOS.platform/Developer/SDKs/iPhoneOS18.5.sdk -O0 -L/Users/runner/work/Nuvio-Xiec/Nuvio-Xiec/build/ios-device/Build/Intermediates.noindex/EagerLinkingTBDs/Debug-iphoneos -L/Users/runner/work/Nuvio-Xiec/Nuvio-Xiec/build/ios-device/Build/Products/Debug-iphoneos -F/Users/runner/work/Nuvio-Xiec/Nuvio-Xiec/build/ios-device/Build/Intermediates.noindex/EagerLinkingTBDs/Debug-iphoneos -F/Users/runner/work/Nuvio-Xiec/Nuvio-Xiec/build/ios-device/Build/Products/Debug-iphoneos -filelist /Users/runner/work/Nuvio-Xiec/Nuvio-Xiec/build/ios-device/Build/Intermediates.noindex/iosApp.build/Debug-iphoneos/DownloadsWidgetExtension.build/Objects-normal/arm64/DownloadsWidgetExtension.LinkFileList -install_name @rpath/DownloadsWidgetExtension.debug.dylib -Xlinker -rpath -Xlinker @executable_path/Frameworks -Xlinker -rpath -Xlinker @executable_path/../../Frameworks -dead_strip -Xlinker -object_path_lto -Xlinker /Users/runner/work/Nuvio-Xiec/Nuvio-Xiec/build/ios-device/Build/Intermediates.noindex/iosApp.build/Debug-iphoneos/DownloadsWidgetExtension.build/Objects-normal/arm64/DownloadsWidgetExtension_lto.o -rdynamic -Xlinker -no_deduplicate -Xlinker -dependency_info -Xlinker /Users/runner/work/Nuvio-Xiec/Nuvio-Xiec/build/ios-device/Build/Intermediates.noindex/iosApp.build/Debug-iphoneos/DownloadsWidgetExtension.build/Objects-normal/arm64/DownloadsWidgetExtension_dependency_info.dat -fapplication-extension -fobjc-link-runtime -L/Applications/Xcode_16.4.app/Contents/Developer/Toolchains/XcodeDefault.xctoolchain/usr/lib/swift/iphoneos -L/usr/lib/swift -Xlinker -add_ast_path -Xlinker /Users/runner/work/Nuvio-Xiec/Nuvio-Xiec/build/ios-device/Build/Intermediates.noindex/iosApp.build/Debug-iphoneos/DownloadsWidgetExtension.build/Objects-normal/arm64/DownloadsWidgetExtension.swiftmodule -Xlinker -alias -Xlinker _NSExtensionMain -Xlinker ___debug_main_executable_dylib_entry_point -o /Users/runner/work/Nuvio-Xiec/Nuvio-Xiec/build/ios-device/Build/Products/Debug-iphoneos/DownloadsWidgetExtension.appex/DownloadsWidgetExtension.debug.dylib

ConstructStubExecutorLinkFileList /Users/runner/work/Nuvio-Xiec/Nuvio-Xiec/build/ios-device/Build/Intermediates.noindex/iosApp.build/Debug-iphoneos/DownloadsWidgetExtension.build/DownloadsWidgetExtension-ExecutorLinkFileList-normal-arm64.txt (in target 'DownloadsWidgetExtension' from project 'iosApp')
    cd /Users/runner/work/Nuvio-Xiec/Nuvio-Xiec/iosApp
    construct-stub-executor-link-file-list /Users/runner/work/Nuvio-Xiec/Nuvio-Xiec/build/ios-device/Build/Products/Debug-iphoneos/DownloadsWidgetExtension.appex/DownloadsWidgetExtension.debug.dylib /Applications/Xcode_16.4.app/Contents/Developer/Platforms/iPhoneOS.platform/Developer/usr/lib/libPreviewsJITStubExecutor_no_swift_entry_point.a /Applications/Xcode_16.4.app/Contents/Developer/Platforms/iPhoneOS.platform/Developer/usr/lib/libPreviewsJITStubExecutor.a --output /Users/runner/work/Nuvio-Xiec/Nuvio-Xiec/build/ios-device/Build/Intermediates.noindex/iosApp.build/Debug-iphoneos/DownloadsWidgetExtension.build/DownloadsWidgetExtension-ExecutorLinkFileList-normal-arm64.txt
note: Using stub executor library with Swift entry point. (in target 'DownloadsWidgetExtension' from project 'iosApp')

Ld /Users/runner/work/Nuvio-Xiec/Nuvio-Xiec/build/ios-device/Build/Products/Debug-iphoneos/DownloadsWidgetExtension.appex/DownloadsWidgetExtension normal (in target 'DownloadsWidgetExtension' from project 'iosApp')
    cd /Users/runner/work/Nuvio-Xiec/Nuvio-Xiec/iosApp
    /Applications/Xcode_16.4.app/Contents/Developer/Toolchains/XcodeDefault.xctoolchain/usr/bin/clang -Xlinker -reproducible -target arm64-apple-ios16.1 -isysroot /Applications/Xcode_16.4.app/Contents/Developer/Platforms/iPhoneOS.platform/Developer/SDKs/iPhoneOS18.5.sdk -O0 -L/Users/runner/work/Nuvio-Xiec/Nuvio-Xiec/build/ios-device/Build/Products/Debug-iphoneos -F/Users/runner/work/Nuvio-Xiec/Nuvio-Xiec/build/ios-device/Build/Products/Debug-iphoneos -Xlinker -rpath -Xlinker @executable_path -Xlinker -rpath -Xlinker @executable_path/Frameworks -Xlinker -rpath -Xlinker @executable_path/../../Frameworks -rdynamic -Xlinker -no_deduplicate -e ___debug_blank_executor_main -Xlinker -sectcreate -Xlinker __TEXT -Xlinker __debug_dylib -Xlinker /Users/runner/work/Nuvio-Xiec/Nuvio-Xiec/build/ios-device/Build/Intermediates.noindex/iosApp.build/Debug-iphoneos/DownloadsWidgetExtension.build/DownloadsWidgetExtension-DebugDylibPath-normal-arm64.txt -Xlinker -sectcreate -Xlinker __TEXT -Xlinker __debug_entry -Xlinker /Users/runner/work/Nuvio-Xiec/Nuvio-Xiec/build/ios-device/Build/Intermediates.noindex/iosApp.build/Debug-iphoneos/DownloadsWidgetExtension.build/DownloadsWidgetExtension-DebugEntryPoint-normal-arm64.txt -Xlinker -sectcreate -Xlinker __TEXT -Xlinker __debug_instlnm -Xlinker /Users/runner/work/Nuvio-Xiec/Nuvio-Xiec/build/ios-device/Build/Intermediates.noindex/iosApp.build/Debug-iphoneos/DownloadsWidgetExtension.build/DownloadsWidgetExtension-DebugDylibInstallName-normal-arm64.txt -Xlinker -filelist -Xlinker /Users/runner/work/Nuvio-Xiec/Nuvio-Xiec/build/ios-device/Build/Intermediates.noindex/iosApp.build/Debug-iphoneos/DownloadsWidgetExtension.build/DownloadsWidgetExtension-ExecutorLinkFileList-normal-arm64.txt /Users/runner/work/Nuvio-Xiec/Nuvio-Xiec/build/ios-device/Build/Products/Debug-iphoneos/DownloadsWidgetExtension.appex/DownloadsWidgetExtension.debug.dylib -o /Users/runner/work/Nuvio-Xiec/Nuvio-Xiec/build/ios-device/Build/Products/Debug-iphoneos/DownloadsWidgetExtension.appex/DownloadsWidgetExtension

ExtractAppIntentsMetadata (in target 'DownloadsWidgetExtension' from project 'iosApp')
    cd /Users/runner/work/Nuvio-Xiec/Nuvio-Xiec/iosApp
    /Applications/Xcode_16.4.app/Contents/Developer/Toolchains/XcodeDefault.xctoolchain/usr/bin/appintentsmetadataprocessor --toolchain-dir /Applications/Xcode_16.4.app/Contents/Developer/Toolchains/XcodeDefault.xctoolchain --module-name DownloadsWidgetExtension --sdk-root /Applications/Xcode_16.4.app/Contents/Developer/Platforms/iPhoneOS.platform/Developer/SDKs/iPhoneOS18.5.sdk --xcode-version 16F6 --platform-family iOS --deployment-target 16.1 --bundle-identifier com.nuvio.app.DownloadsWidgetExtension --output /Users/runner/work/Nuvio-Xiec/Nuvio-Xiec/build/ios-device/Build/Products/Debug-iphoneos/DownloadsWidgetExtension.appex --target-triple arm64-apple-ios16.1 --binary-file /Users/runner/work/Nuvio-Xiec/Nuvio-Xiec/build/ios-device/Build/Products/Debug-iphoneos/DownloadsWidgetExtension.appex/DownloadsWidgetExtension --dependency-file /Users/runner/work/Nuvio-Xiec/Nuvio-Xiec/build/ios-device/Build/Intermediates.noindex/iosApp.build/Debug-iphoneos/DownloadsWidgetExtension.build/Objects-normal/arm64/DownloadsWidgetExtension_dependency_info.dat --stringsdata-file /Users/runner/work/Nuvio-Xiec/Nuvio-Xiec/build/ios-device/Build/Intermediates.noindex/iosApp.build/Debug-iphoneos/DownloadsWidgetExtension.build/Objects-normal/arm64/ExtractedAppShortcutsMetadata.stringsdata --source-file-list /Users/runner/work/Nuvio-Xiec/Nuvio-Xiec/build/ios-device/Build/Intermediates.noindex/iosApp.build/Debug-iphoneos/DownloadsWidgetExtension.build/Objects-normal/arm64/DownloadsWidgetExtension.SwiftFileList --metadata-file-list /Users/runner/work/Nuvio-Xiec/Nuvio-Xiec/build/ios-device/Build/Intermediates.noindex/iosApp.build/Debug-iphoneos/DownloadsWidgetExtension.build/DownloadsWidgetExtension.DependencyMetadataFileList --static-metadata-file-list /Users/runner/work/Nuvio-Xiec/Nuvio-Xiec/build/ios-device/Build/Intermediates.noindex/iosApp.build/Debug-iphoneos/DownloadsWidgetExtension.build/DownloadsWidgetExtension.DependencyStaticMetadataFileList --swift-const-vals-list /Users/runner/work/Nuvio-Xiec/Nuvio-Xiec/build/ios-device/Build/Intermediates.noindex/iosApp.build/Debug-iphoneos/DownloadsWidgetExtension.build/Objects-normal/arm64/DownloadsWidgetExtension.SwiftConstValuesFileList --compile-time-extraction --deployment-aware-processing --validate-assistant-intents --no-app-shortcuts-localization
2026-10-04 15:04:33.397 appintentsmetadataprocessor[4550:14979] Starting appintentsmetadataprocessor export
2026-10-04 15:04:33.449 appintentsmetadataprocessor[4550:14979] Extracted no relevant App Intents symbols, skipping writing output

AppIntentsSSUTraining (in target 'DownloadsWidgetExtension' from project 'iosApp')
    cd /Users/runner/work/Nuvio-Xiec/Nuvio-Xiec/iosApp
    /Applications/Xcode_16.4.app/Contents/Developer/Toolchains/XcodeDefault.xctoolchain/usr/bin/appintentsnltrainingprocessor --infoplist-path /Users/runner/work/Nuvio-Xiec/Nuvio-Xiec/build/ios-device/Build/Products/Debug-iphoneos/DownloadsWidgetExtension.appex/Info.plist --temp-dir-path /Users/runner/work/Nuvio-Xiec/Nuvio-Xiec/build/ios-device/Build/Intermediates.noindex/iosApp.build/Debug-iphoneos/DownloadsWidgetExtension.build/ssu --bundle-id com.nuvio.app.DownloadsWidgetExtension --product-path /Users/runner/work/Nuvio-Xiec/Nuvio-Xiec/build/ios-device/Build/Products/Debug-iphoneos/DownloadsWidgetExtension.appex --extracted-metadata-path /Users/runner/work/Nuvio-Xiec/Nuvio-Xiec/build/ios-device/Build/Products/Debug-iphoneos/DownloadsWidgetExtension.appex/Metadata.appintents --metadata-file-list /Users/runner/work/Nuvio-Xiec/Nuvio-Xiec/build/ios-device/Build/Intermediates.noindex/iosApp.build/Debug-iphoneos/DownloadsWidgetExtension.build/DownloadsWidgetExtension.DependencyMetadataFileList --archive-ssu-assets
2026-10-04 15:04:33.488 appintentsnltrainingprocessor[4551:14986] Parsing options for appintentsnltrainingprocessor
2026-10-04 15:04:33.489 appintentsnltrainingprocessor[4551:14986] No AppShortcuts found - Skipping.

RegisterExecutionPolicyException /Users/runner/work/Nuvio-Xiec/Nuvio-Xiec/build/ios-device/Build/Products/Debug-iphoneos/DownloadsWidgetExtension.appex (in target 'DownloadsWidgetExtension' from project 'iosApp')
    cd /Users/runner/work/Nuvio-Xiec/Nuvio-Xiec/iosApp
    builtin-RegisterExecutionPolicyException /Users/runner/work/Nuvio-Xiec/Nuvio-Xiec/build/ios-device/Build/Products/Debug-iphoneos/DownloadsWidgetExtension.appex

Touch /Users/runner/work/Nuvio-Xiec/Nuvio-Xiec/build/ios-device/Build/Products/Debug-iphoneos/DownloadsWidgetExtension.appex (in target 'DownloadsWidgetExtension' from project 'iosApp')
    cd /Users/runner/work/Nuvio-Xiec/Nuvio-Xiec/iosApp
    /usr/bin/touch -c /Users/runner/work/Nuvio-Xiec/Nuvio-Xiec/build/ios-device/Build/Products/Debug-iphoneos/DownloadsWidgetExtension.appex

PhaseScriptExecution Compile\ Kotlin\ Framework /Users/runner/work/Nuvio-Xiec/Nuvio-Xiec/build/ios-device/Build/Intermediates.noindex/iosApp.build/Debug-iphoneos/iosApp.build/Script-8C96BAEBBE1F4269A0BADC2B.sh (in target 'iosApp' from project 'iosApp')
    cd /Users/runner/work/Nuvio-Xiec/Nuvio-Xiec/iosApp
    export ACTION\=build
    export AD_HOC_CODE_SIGNING_ALLOWED\=NO
    export AGGREGATE_TRACKED_DOMAINS\=YES
    export ALLOW_BUILD_REQUEST_OVERRIDES\=NO
    export ALLOW_TARGET_PLATFORM_SPECIALIZATION\=NO
    export ALTERNATE_GROUP\=staff
    export ALTERNATE_MODE\=u+w,go-w,a+rX
    export ALTERNATE_OWNER\=runner
    export ALTERNATIVE_DISTRIBUTION_WEB\=NO
    export ALWAYS_EMBED_SWIFT_STANDARD_LIBRARIES\=NO
    export ALWAYS_SEARCH_USER_PATHS\=NO
    export ALWAYS_USE_SEPARATE_HEADERMAPS\=NO
    export APPLICATION_EXTENSION_API_ONLY\=NO
    export APPLY_RULES_IN_COPY_FILES\=NO
    export APPLY_RULES_IN_COPY_HEADERS\=NO
    export APP_SHORTCUTS_ENABLE_FLEXIBLE_MATCHING\=YES
    export ARCHS\=arm64
    export ARCHS_STANDARD\=arm64
    export ARCHS_STANDARD_32_64_BIT\=armv7\ arm64
    export ARCHS_STANDARD_32_BIT\=armv7
    export ARCHS_STANDARD_64_BIT\=arm64
    export ARCHS_STANDARD_INCLUDING_64_BIT\=arm64
    export ARCHS_UNIVERSAL_IPHONE_OS\=armv7\ arm64
    export ASSETCATALOG_COMPILER_ALTERNATE_APPICON_NAMES\=AppIconArcticBlue\ AppIconEmerald\ AppIconRoseGold\ AppIconCopper\ AppIconGraphite
    export ASSETCATALOG_COMPILER_APPICON_NAME\=AppIcon
    export ASSETCATALOG_COMPILER_GENERATE_SWIFT_ASSET_SYMBOL_EXTENSIONS\=YES
    export ASSETCATALOG_COMPILER_GLOBAL_ACCENT_COLOR_NAME\=AccentColor
    export ASSETCATALOG_COMPILER_INCLUDE_ALL_APPICON_ASSETS\=YES
    export AUTOMATICALLY_MERGE_DEPENDENCIES\=NO
    export AVAILABLE_PLATFORMS\=android\ appletvos\ appletvsimulator\ driverkit\ iphoneos\ iphonesimulator\ macosx\ qnx\ watchos\ watchsimulator\ xros\ xrsimulator
    export BITCODE_GENERATION_MODE\=marker
    export BUILD_ACTIVE_RESOURCES_ONLY\=NO
    export BUILD_COMPONENTS\=headers\ build
    export BUILD_DIR\=/Users/runner/work/Nuvio-Xiec/Nuvio-Xiec/build/ios-device/Build/Products
    export BUILD_LIBRARY_FOR_DISTRIBUTION\=NO
    export BUILD_ROOT\=/Users/runner/work/Nuvio-Xiec/Nuvio-Xiec/build/ios-device/Build/Products
    export BUILD_STYLE\=
    export BUILD_VARIANTS\=normal
    export BUILT_PRODUCTS_DIR\=/Users/runner/work/Nuvio-Xiec/Nuvio-Xiec/build/ios-device/Build/Products/Debug-iphoneos
    export BUNDLE_CONTENTS_FOLDER_PATH_deep\=Contents/
    export BUNDLE_EXECUTABLE_FOLDER_NAME_deep\=MacOS
    export BUNDLE_EXTENSIONS_FOLDER_PATH\=Extensions
    export BUNDLE_FORMAT\=shallow
    export BUNDLE_FRAMEWORKS_FOLDER_PATH\=Frameworks
    export BUNDLE_PLUGINS_FOLDER_PATH\=PlugIns
    export BUNDLE_PRIVATE_HEADERS_FOLDER_PATH\=PrivateHeaders
    export BUNDLE_PUBLIC_HEADERS_FOLDER_PATH\=Headers
    export CACHE_ROOT\=/var/folders/nj/vtw8zd2j31d1gdrtntc5y4600000gn/C/com.apple.DeveloperTools/16.4-16F6/Xcode
    export CCHROOT\=/var/folders/nj/vtw8zd2j31d1gdrtntc5y4600000gn/C/com.apple.DeveloperTools/16.4-16F6/Xcode
    export CHMOD\=/bin/chmod
    export CHOWN\=/usr/sbin/chown
    export CLANG_ANALYZER_NONNULL\=YES
    export CLANG_ANALYZER_NUMBER_OBJECT_CONVERSION\=YES_AGGRESSIVE
    export CLANG_CACHE_FINE_GRAINED_OUTPUTS\=YES
    export CLANG_CXX_LANGUAGE_STANDARD\=gnu++20
    export CLANG_ENABLE_EXPLICIT_MODULES\=YES
    export CLANG_ENABLE_MODULES\=YES
    export CLANG_ENABLE_OBJC_ARC\=YES
    export CLANG_ENABLE_OBJC_WEAK\=YES
    export CLANG_MODULES_BUILD_SESSION_FILE\=/Users/runner/work/Nuvio-Xiec/Nuvio-Xiec/build/ios-device/ModuleCache.noindex/Session.modulevalidation
    export CLANG_WARN_BLOCK_CAPTURE_AUTORELEASING\=YES
    export CLANG_WARN_BOOL_CONVERSION\=YES
    export CLANG_WARN_COMMA\=YES
    export CLANG_WARN_CONSTANT_CONVERSION\=YES
    export CLANG_WARN_DEPRECATED_OBJC_IMPLEMENTATIONS\=YES
    export CLANG_WARN_DIRECT_OBJC_ISA_USAGE\=YES_ERROR
    export CLANG_WARN_DOCUMENTATION_COMMENTS\=YES
    export CLANG_WARN_EMPTY_BODY\=YES
    export CLANG_WARN_ENUM_CONVERSION\=YES
    export CLANG_WARN_INFINITE_RECURSION\=YES
    export CLANG_WARN_INT_CONVERSION\=YES
    export CLANG_WARN_NON_LITERAL_NULL_CONVERSION\=YES
    export CLANG_WARN_OBJC_IMPLICIT_RETAIN_SELF\=YES
    export CLANG_WARN_OBJC_LITERAL_CONVERSION\=YES
    export CLANG_WARN_OBJC_ROOT_CLASS\=YES_ERROR
    export CLANG_WARN_QUOTED_INCLUDE_IN_FRAMEWORK_HEADER\=YES
    export CLANG_WARN_RANGE_LOOP_ANALYSIS\=YES
    export CLANG_WARN_STRICT_PROTOTYPES\=YES
    export CLANG_WARN_SUSPICIOUS_MOVE\=YES
    export CLANG_WARN_UNGUARDED_AVAILABILITY\=YES_AGGRESSIVE
    export CLANG_WARN_UNREACHABLE_CODE\=YES
    export CLANG_WARN__DUPLICATE_METHOD_MATCH\=YES
    export CLASS_FILE_DIR\=/Users/runner/work/Nuvio-Xiec/Nuvio-Xiec/build/ios-device/Build/Intermediates.noindex/iosApp.build/Debug-iphoneos/iosApp.build/JavaClasses
    export CLEAN_PRECOMPS\=YES
    export CLONE_HEADERS\=NO
    export CODESIGNING_FOLDER_PATH\=/Users/runner/work/Nuvio-Xiec/Nuvio-Xiec/build/ios-device/Build/Products/Debug-iphoneos/Nuvio.app
    export CODE_SIGNING_ALLOWED\=NO
    export CODE_SIGNING_REQUIRED\=YES
    export CODE_SIGN_CONTEXT_CLASS\=XCiPhoneOSCodeSignContext
    export CODE_SIGN_IDENTITY\=Apple\ Development
    export CODE_SIGN_INJECT_BASE_ENTITLEMENTS\=YES
    export CODE_SIGN_STYLE\=Automatic
    export COLOR_DIAGNOSTICS\=NO
    export COMBINE_HIDPI_IMAGES\=NO
    export COMPILATION_CACHE_CAS_PATH\=/Users/runner/work/Nuvio-Xiec/Nuvio-Xiec/build/ios-device/CompilationCache.noindex
    export COMPILATION_CACHE_KEEP_CAS_DIRECTORY\=YES
    export COMPILER_INDEX_STORE_ENABLE\=Default
    export COMPOSITE_SDK_DIRS\=/Users/runner/work/Nuvio-Xiec/Nuvio-Xiec/build/ios-device/Build/Intermediates.noindex/CompositeSDKs
    export COMPRESS_PNG_FILES\=YES
    export CONFIGURATION\=Debug
    export CONFIGURATION_BUILD_DIR\=/Users/runner/work/Nuvio-Xiec/Nuvio-Xiec/build/ios-device/Build/Products/Debug-iphoneos
    export CONFIGURATION_TEMP_DIR\=/Users/runner/work/Nuvio-Xiec/Nuvio-Xiec/build/ios-device/Build/Intermediates.noindex/iosApp.build/Debug-iphoneos
    export CONTENTS_FOLDER_PATH\=Nuvio.app
    export CONTENTS_FOLDER_PATH_SHALLOW_BUNDLE_NO\=Nuvio.app/Contents
    export CONTENTS_FOLDER_PATH_SHALLOW_BUNDLE_YES\=Nuvio.app
    export COPYING_PRESERVES_HFS_DATA\=NO
    export COPY_HEADERS_RUN_UNIFDEF\=NO
    export COPY_PHASE_STRIP\=NO
    export CORRESPONDING_SIMULATOR_PLATFORM_DIR\=/Applications/Xcode_16.4.app/Contents/Developer/Platforms/iPhoneSimulator.platform
    export CORRESPONDING_SIMULATOR_PLATFORM_NAME\=iphonesimulator
    export CORRESPONDING_SIMULATOR_SDK_DIR\=/Applications/Xcode_16.4.app/Contents/Developer/Platforms/iPhoneSimulator.platform/Developer/SDKs/iPhoneSimulator18.5.sdk
    export CORRESPONDING_SIMULATOR_SDK_NAME\=iphonesimulator18.5
    export CP\=/bin/cp
    export CREATE_INFOPLIST_SECTION_IN_BINARY\=NO
    export CURRENT_ARCH\=undefined_arch
    export CURRENT_PROJECT_VERSION\=125
    export CURRENT_VARIANT\=normal
    export DEAD_CODE_STRIPPING\=YES
    export DEBUGGING_SYMBOLS\=YES
    export DEBUG_INFORMATION_FORMAT\=dwarf
    export DEBUG_INFORMATION_VERSION\=compiler-default
    export DEFAULT_COMPILER\=com.apple.compilers.llvm.clang.1_0
    export DEFAULT_DEXT_INSTALL_PATH\=/System/Library/DriverExtensions
    export DEFAULT_KEXT_INSTALL_PATH\=/System/Library/Extensions
    export DEFINES_MODULE\=NO
    export DEPLOYMENT_LOCATION\=NO
    export DEPLOYMENT_POSTPROCESSING\=NO
    export DEPLOYMENT_TARGET_SETTING_NAME\=IPHONEOS_DEPLOYMENT_TARGET
    export DEPLOYMENT_TARGET_SUGGESTED_VALUES\=12.0\ 12.1\ 12.2\ 12.3\ 12.4\ 13.0\ 13.1\ 13.2\ 13.3\ 13.4\ 13.5\ 13.6\ 14.0\ 14.1\ 14.2\ 14.3\ 14.4\ 14.5\ 14.6\ 14.7\ 15.0\ 15.1\ 15.2\ 15.3\ 15.4\ 15.5\ 15.6\ 16.0\ 16.1\ 16.2\ 16.3\ 16.4\ 16.5\ 16.6\ 17.0\ 17.1\ 17.2\ 17.3\ 17.4\ 17.5\ 17.6\ 18.0\ 18.1\ 18.2\ 18.3\ 18.4\ 18.5
    export DERIVED_FILES_DIR\=/Users/runner/work/Nuvio-Xiec/Nuvio-Xiec/build/ios-device/Build/Intermediates.noindex/iosApp.build/Debug-iphoneos/iosApp.build/DerivedSources
    export DERIVED_FILE_DIR\=/Users/runner/work/Nuvio-Xiec/Nuvio-Xiec/build/ios-device/Build/Intermediates.noindex/iosApp.build/Debug-iphoneos/iosApp.build/DerivedSources
    export DERIVED_SOURCES_DIR\=/Users/runner/work/Nuvio-Xiec/Nuvio-Xiec/build/ios-device/Build/Intermediates.noindex/iosApp.build/Debug-iphoneos/iosApp.build/DerivedSources
    export DERIVE_MACCATALYST_PRODUCT_BUNDLE_IDENTIFIER\=NO
    export DEVELOPER_APPLICATIONS_DIR\=/Applications/Xcode_16.4.app/Contents/Developer/Applications
    export DEVELOPER_BIN_DIR\=/Applications/Xcode_16.4.app/Contents/Developer/usr/bin
    export DEVELOPER_DIR\=/Applications/Xcode_16.4.app/Contents/Developer
    export DEVELOPER_FRAMEWORKS_DIR\=/Applications/Xcode_16.4.app/Contents/Developer/Library/Frameworks
    export DEVELOPER_FRAMEWORKS_DIR_QUOTED\=/Applications/Xcode_16.4.app/Contents/Developer/Library/Frameworks
    export DEVELOPER_LIBRARY_DIR\=/Applications/Xcode_16.4.app/Contents/Developer/Library
    export DEVELOPER_SDK_DIR\=/Applications/Xcode_16.4.app/Contents/Developer/Platforms/MacOSX.platform/Developer/SDKs
    export DEVELOPER_TOOLS_DIR\=/Applications/Xcode_16.4.app/Contents/Developer/Tools
    export DEVELOPER_USR_DIR\=/Applications/Xcode_16.4.app/Contents/Developer/usr
    export DEVELOPMENT_ASSET_PATHS\=\"iosApp/Preview\ Content\"
    export DEVELOPMENT_LANGUAGE\=en
    export DEVELOPMENT_TEAM\=8QBDZ766S3
    export DIAGNOSE_MISSING_TARGET_DEPENDENCIES\=YES
    export DIFF\=/usr/bin/diff
    export DOCUMENTATION_FOLDER_PATH\=Nuvio.app/en.lproj/Documentation
    export DONT_GENERATE_INFOPLIST_FILE\=NO
    export DSTROOT\=/tmp/iosApp.dst
    export DT_TOOLCHAIN_DIR\=/Applications/Xcode_16.4.app/Contents/Developer/Toolchains/XcodeDefault.xctoolchain
    export DWARF_DSYM_FILE_NAME\=Nuvio.app.dSYM
    export DWARF_DSYM_FILE_SHOULD_ACCOMPANY_PRODUCT\=NO
    export DWARF_DSYM_FOLDER_PATH\=/Users/runner/work/Nuvio-Xiec/Nuvio-Xiec/build/ios-device/Build/Products/Debug-iphoneos
    export DYNAMIC_LIBRARY_EXTENSION\=dylib
    export EAGER_COMPILATION_ALLOW_SCRIPTS\=NO
    export EAGER_LINKING\=NO
    export EFFECTIVE_PLATFORM_NAME\=-iphoneos
    export EMBEDDED_CONTENT_CONTAINS_SWIFT\=NO
    export EMBEDDED_PROFILE_NAME\=embedded.mobileprovision
    export EMBED_ASSET_PACKS_IN_PRODUCT_BUNDLE\=NO
    export ENABLE_APP_SANDBOX\=NO
    export ENABLE_BITCODE\=NO
    export ENABLE_CODE_COVERAGE\=YES
    export ENABLE_DEBUG_DYLIB\=YES
    export ENABLE_DEFAULT_HEADER_SEARCH_PATHS\=YES
    export ENABLE_DEFAULT_SEARCH_PATHS\=YES
    export ENABLE_HARDENED_RUNTIME\=NO
    export ENABLE_HEADER_DEPENDENCIES\=YES
    export ENABLE_INCOMING_NETWORK_CONNECTIONS\=NO
    export ENABLE_ON_DEMAND_RESOURCES\=YES
    export ENABLE_OUTGOING_NETWORK_CONNECTIONS\=NO
    export ENABLE_PREVIEWS\=NO
    export ENABLE_RESOURCE_ACCESS_AUDIO_INPUT\=NO
    export ENABLE_RESOURCE_ACCESS_BLUETOOTH\=NO
    export ENABLE_RESOURCE_ACCESS_CALENDARS\=NO
    export ENABLE_RESOURCE_ACCESS_CAMERA\=NO
    export ENABLE_RESOURCE_ACCESS_CONTACTS\=NO
    export ENABLE_RESOURCE_ACCESS_LOCATION\=NO
    export ENABLE_RESOURCE_ACCESS_PRINTING\=NO
    export ENABLE_RESOURCE_ACCESS_USB\=NO
    export ENABLE_SDK_IMPORTS\=NO
    export ENABLE_STRICT_OBJC_MSGSEND\=YES
    export ENABLE_TESTABILITY\=YES
    export ENABLE_TESTING_SEARCH_PATHS\=NO
    export ENABLE_USER_SCRIPT_SANDBOXING\=NO
    export ENABLE_XOJIT_PREVIEWS\=YES
    export ENFORCE_VALID_ARCHS\=YES
    export ENTITLEMENTS_ALLOWED\=YES
    export ENTITLEMENTS_DESTINATION\=Signature
    export ENTITLEMENTS_REQUIRED\=NO
    export EXCLUDED_INSTALLSRC_SUBDIRECTORY_PATTERNS\=.DS_Store\ .svn\ .git\ .hg\ CVS
    export EXCLUDED_RECURSIVE_SEARCH_PATH_SUBDIRECTORIES\=\*.nib\ \*.lproj\ \*.framework\ \*.gch\ \*.xcode\*\ \*.xcassets\ \(\*\)\ .DS_Store\ CVS\ .svn\ .git\ .hg\ \*.pbproj\ \*.pbxproj
    export EXECUTABLES_FOLDER_PATH\=Nuvio.app/Executables
    export EXECUTABLE_BLANK_INJECTION_DYLIB_PATH\=Nuvio.app/__preview.dylib
    export EXECUTABLE_DEBUG_DYLIB_INSTALL_NAME\=@rpath/Nuvio.debug.dylib
    export EXECUTABLE_DEBUG_DYLIB_PATH\=Nuvio.app/Nuvio.debug.dylib
    export EXECUTABLE_FOLDER_PATH\=Nuvio.app
    export EXECUTABLE_FOLDER_PATH_SHALLOW_BUNDLE_NO\=Nuvio.app/MacOS
    export EXECUTABLE_FOLDER_PATH_SHALLOW_BUNDLE_YES\=Nuvio.app
    export EXECUTABLE_NAME\=Nuvio
    export EXECUTABLE_PATH\=Nuvio.app/Nuvio
    export EXTENSIONS_FOLDER_PATH\=Nuvio.app/Extensions
    export FILE_LIST\=/Users/runner/work/Nuvio-Xiec/Nuvio-Xiec/build/ios-device/Build/Intermediates.noindex/iosApp.build/Debug-iphoneos/iosApp.build/Objects/LinkFileList
    export FIXED_FILES_DIR\=/Users/runner/work/Nuvio-Xiec/Nuvio-Xiec/build/ios-device/Build/Intermediates.noindex/iosApp.build/Debug-iphoneos/iosApp.build/FixedFiles
    export FRAMEWORKS_FOLDER_PATH\=Nuvio.app/Frameworks
    export FRAMEWORK_FLAG_PREFIX\=-framework
    export FRAMEWORK_SEARCH_PATHS\=/Users/runner/work/Nuvio-Xiec/Nuvio-Xiec/build/ios-device/Build/Products/Debug-iphoneos/PackageFrameworks\ /Users/runner/work/Nuvio-Xiec/Nuvio-Xiec/build/ios-device/Build/Products/Debug-iphoneos/PackageFrameworks\ /Users/runner/work/Nuvio-Xiec/Nuvio-Xiec/build/ios-device/Build/Products/Debug-iphoneos\ 
    export FRAMEWORK_VERSION\=A
    export FULL_PRODUCT_NAME\=Nuvio.app
    export FUSE_BUILD_PHASES\=YES
    export FUSE_BUILD_SCRIPT_PHASES\=NO
    export GCC3_VERSION\=3.3
    export GCC_C_LANGUAGE_STANDARD\=gnu17
    export GCC_DYNAMIC_NO_PIC\=NO
    export GCC_INLINES_ARE_PRIVATE_EXTERN\=YES
    export GCC_NO_COMMON_BLOCKS\=YES
    export GCC_OPTIMIZATION_LEVEL\=0
    export GCC_PFE_FILE_C_DIALECTS\=c\ objective-c\ c++\ objective-c++
    export GCC_PREPROCESSOR_DEFINITIONS\=DEBUG\=1\ 
    export GCC_SYMBOLS_PRIVATE_EXTERN\=NO
    export GCC_THUMB_SUPPORT\=YES
    export GCC_TREAT_WARNINGS_AS_ERRORS\=NO
    export GCC_VERSION\=com.apple.compilers.llvm.clang.1_0
    export GCC_VERSION_IDENTIFIER\=com_apple_compilers_llvm_clang_1_0
    export GCC_WARN_64_TO_32_BIT_CONVERSION\=YES
    export GCC_WARN_ABOUT_RETURN_TYPE\=YES_ERROR
    export GCC_WARN_UNDECLARED_SELECTOR\=YES
    export GCC_WARN_UNINITIALIZED_AUTOS\=YES_AGGRESSIVE
    export GCC_WARN_UNUSED_FUNCTION\=YES
    export GCC_WARN_UNUSED_VARIABLE\=YES
    export GENERATED_MODULEMAP_DIR\=/Users/runner/work/Nuvio-Xiec/Nuvio-Xiec/build/ios-device/Build/Intermediates.noindex/GeneratedModuleMaps-iphoneos
    export GENERATE_INFOPLIST_FILE\=YES
    export GENERATE_INTERMEDIATE_TEXT_BASED_STUBS\=YES
    export GENERATE_MASTER_OBJECT_FILE\=NO
    export GENERATE_PKGINFO_FILE\=YES
    export GENERATE_PROFILING_CODE\=NO
    export GENERATE_TEXT_BASED_STUBS\=NO
    export GID\=20
    export GROUP\=staff
    export HEADERMAP_INCLUDES_FLAT_ENTRIES_FOR_TARGET_BEING_BUILT\=YES
    export HEADERMAP_INCLUDES_FRAMEWORK_ENTRIES_FOR_ALL_PRODUCT_TYPES\=YES
    export HEADERMAP_INCLUDES_FRAMEWORK_ENTRIES_FOR_TARGETS_NOT_BEING_BUILT\=YES
    export HEADERMAP_INCLUDES_NONPUBLIC_NONPRIVATE_HEADERS\=YES
    export HEADERMAP_INCLUDES_PROJECT_HEADERS\=YES
    export HEADERMAP_USES_FRAMEWORK_PREFIX_ENTRIES\=YES
    export HEADERMAP_USES_VFS\=NO
    export HEADER_SEARCH_PATHS\=/Users/runner/work/Nuvio-Xiec/Nuvio-Xiec/MPVKit/Sources/_FFmpeg/include\ /Users/runner/work/Nuvio-Xiec/Nuvio-Xiec/MPVKit/Sources/_MPVKit/include\ /Users/runner/work/Nuvio-Xiec/Nuvio-Xiec/build/ios-device/Build/Products/Debug-iphoneos/include\ 
    export HIDE_BITCODE_SYMBOLS\=YES
    export HOME\=/Users/runner
    export HOST_ARCH\=arm64
    export HOST_PLATFORM\=macosx
    export ICONV\=/usr/bin/iconv
    export IMPLICIT_DEPENDENCY_DOMAIN\=default
    export INFOPLIST_ENABLE_CFBUNDLEICONS_MERGE\=YES
    export INFOPLIST_EXPAND_BUILD_SETTINGS\=YES
    export INFOPLIST_FILE\=iosApp/Info.plist
    export INFOPLIST_KEY_NSSupportsLiveActivities\=YES
    export INFOPLIST_KEY_UIApplicationSceneManifest_Generation\=YES
    export INFOPLIST_KEY_UIApplicationSupportsIndirectInputEvents\=NO
    export INFOPLIST_KEY_UISupportedInterfaceOrientations_iPad\=UIInterfaceOrientationPortrait\ UIInterfaceOrientationPortraitUpsideDown\ UIInterfaceOrientationLandscapeLeft\ UIInterfaceOrientationLandscapeRight
    export INFOPLIST_KEY_UISupportedInterfaceOrientations_iPhone\=UIInterfaceOrientationPortrait\ UIInterfaceOrientationLandscapeLeft\ UIInterfaceOrientationLandscapeRight
    export INFOPLIST_OUTPUT_FORMAT\=binary
    export INFOPLIST_PATH\=Nuvio.app/Info.plist
    export INFOPLIST_PREPROCESS\=NO
    export INFOSTRINGS_PATH\=Nuvio.app/en.lproj/InfoPlist.strings
    export INLINE_PRIVATE_FRAMEWORKS\=NO
    export INSTALLAPI_IGNORE_SKIP_INSTALL\=YES
    export INSTALLHDRS_COPY_PHASE\=NO
    export INSTALLHDRS_SCRIPT_PHASE\=NO
    export INSTALL_DIR\=/tmp/iosApp.dst/Applications
    export INSTALL_GROUP\=staff
    export INSTALL_MODE_FLAG\=u+w,go-w,a+rX
    export INSTALL_OWNER\=runner
    export INSTALL_PATH\=/Applications
    export INSTALL_ROOT\=/tmp/iosApp.dst
    export IPHONEOS_DEPLOYMENT_TARGET\=16.1
    export IS_UNOPTIMIZED_BUILD\=YES
    export JAVAC_DEFAULT_FLAGS\=-J-Xms64m\ -J-XX:NewSize\=4M\ -J-Dfile.encoding\=UTF8
    export JAVA_APP_STUB\=/System/Library/Frameworks/JavaVM.framework/Resources/MacOS/JavaApplicationStub
    export JAVA_ARCHIVE_CLASSES\=YES
    export JAVA_ARCHIVE_TYPE\=JAR
    export JAVA_COMPILER\=/usr/bin/javac
    export JAVA_FOLDER_PATH\=Nuvio.app/Java
    export JAVA_FRAMEWORK_RESOURCES_DIRS\=Resources
    export JAVA_JAR_FLAGS\=cv
    export JAVA_SOURCE_SUBDIR\=.
    export JAVA_USE_DEPENDENCIES\=YES
    export JAVA_ZIP_FLAGS\=-urg
    export JIKES_DEFAULT_FLAGS\=+E\ +OLDCSO
    export KASAN_CFLAGS_CLASSIC\=-DKASAN\=1\ -DKASAN_CLASSIC\=1\ -fsanitize\=address\ -mllvm\ -asan-globals-live-support\ -mllvm\ -asan-force-dynamic-shadow
    export KASAN_CFLAGS_TBI\=-DKASAN\=1\ -DKASAN_TBI\=1\ -fsanitize\=kernel-hwaddress\ -mllvm\ -hwasan-recover\=0\ -mllvm\ -hwasan-instrument-atomics\=0\ -mllvm\ -hwasan-instrument-stack\=1\ -mllvm\ -hwasan-generate-tags-with-calls\=1\ -mllvm\ -hwasan-instrument-with-calls\=1\ -mllvm\ -hwasan-use-short-granules\=0\ -mllvm\ -hwasan-memory-access-callback-prefix\=__asan_
    export KASAN_DEFAULT_CFLAGS\=-DKASAN\=1\ -DKASAN_CLASSIC\=1\ -fsanitize\=address\ -mllvm\ -asan-globals-live-support\ -mllvm\ -asan-force-dynamic-shadow
    export KEEP_PRIVATE_EXTERNS\=NO
    export LD_DEPENDENCY_INFO_FILE\=/Users/runner/work/Nuvio-Xiec/Nuvio-Xiec/build/ios-device/Build/Intermediates.noindex/iosApp.build/Debug-iphoneos/iosApp.build/Objects-normal/undefined_arch/Nuvio_dependency_info.dat
    export LD_EXPORT_SYMBOLS\=YES
    export LD_GENERATE_MAP_FILE\=NO
    export LD_MAP_FILE_PATH\=/Users/runner/work/Nuvio-Xiec/Nuvio-Xiec/build/ios-device/Build/Intermediates.noindex/iosApp.build/Debug-iphoneos/iosApp.build/Nuvio-LinkMap-normal-undefined_arch.txt
    export LD_NO_PIE\=NO
    export LD_QUOTE_LINKER_ARGUMENTS_FOR_COMPILER_DRIVER\=YES
    export LD_RUNPATH_SEARCH_PATHS\=/Users/runner/work/Nuvio-Xiec/Nuvio-Xiec/build/ios-device/Build/Products/Debug-iphoneos/PackageFrameworks\ /Users/runner/work/Nuvio-Xiec/Nuvio-Xiec/build/ios-device/Build/Products/Debug-iphoneos/PackageFrameworks\ \ @executable_path/Frameworks
    export LD_RUNPATH_SEARCH_PATHS_YES\=@loader_path/../Frameworks
    export LD_SHARED_CACHE_ELIGIBLE\=Automatic
    export LD_WARN_DUPLICATE_LIBRARIES\=NO
    export LD_WARN_UNUSED_DYLIBS\=NO
    export LEGACY_DEVELOPER_DIR\=/Applications/Xcode_16.4.app/Contents/PlugIns/Xcode3Core.ideplugin/Contents/SharedSupport/Developer
    export LEX\=lex
    export LIBRARY_DEXT_INSTALL_PATH\=/Library/DriverExtensions
    export LIBRARY_FLAG_NOSPACE\=YES
    export LIBRARY_FLAG_PREFIX\=-l
    export LIBRARY_KEXT_INSTALL_PATH\=/Library/Extensions
    export LIBRARY_SEARCH_PATHS\=/Users/runner/work/Nuvio-Xiec/Nuvio-Xiec/build/ios-device/Build/Products/Debug-iphoneos\ 
    export LINKER_DISPLAYS_MANGLED_NAMES\=NO
    export LINK_FILE_LIST_normal_arm64\=/Users/runner/work/Nuvio-Xiec/Nuvio-Xiec/build/ios-device/Build/Intermediates.noindex/iosApp.build/Debug-iphoneos/iosApp.build/Objects-normal/arm64/Nuvio.LinkFileList
    export LINK_OBJC_RUNTIME\=YES
    export LINK_WITH_STANDARD_LIBRARIES\=YES
    export LLVM_TARGET_TRIPLE_OS_VERSION\=ios16.1
    export LLVM_TARGET_TRIPLE_VENDOR\=apple
    export LM_AUX_CONST_METADATA_LIST_PATH_normal_arm64\=/Users/runner/work/Nuvio-Xiec/Nuvio-Xiec/build/ios-device/Build/Intermediates.noindex/iosApp.build/Debug-iphoneos/iosApp.build/Objects-normal/arm64/Nuvio.SwiftConstValuesFileList
    export LOCALIZATION_EXPORT_SUPPORTED\=YES
    export LOCALIZATION_PREFERS_STRING_CATALOGS\=YES
    export LOCALIZED_RESOURCES_FOLDER_PATH\=Nuvio.app/en.lproj
    export LOCALIZED_STRING_MACRO_NAMES\=NSLocalizedString\ CFCopyLocalizedString
    export LOCALIZED_STRING_SWIFTUI_SUPPORT\=YES
    export LOCAL_ADMIN_APPS_DIR\=/Applications/Utilities
    export LOCAL_APPS_DIR\=/Applications
    export LOCAL_DEVELOPER_DIR\=/Library/Developer
    export LOCAL_LIBRARY_DIR\=/Library
    export LOCROOT\=/Users/runner/work/Nuvio-Xiec/Nuvio-Xiec/iosApp
    export LOCSYMROOT\=/Users/runner/work/Nuvio-Xiec/Nuvio-Xiec/iosApp
    export MACH_O_TYPE\=mh_execute
    export MAC_OS_X_PRODUCT_BUILD_VERSION\=24G830
    export MAC_OS_X_VERSION_ACTUAL\=150709
    export MAC_OS_X_VERSION_MAJOR\=150000
    export MAC_OS_X_VERSION_MINOR\=150700
    export MAKE_MERGEABLE\=NO
    export MARKETING_VERSION\=0.4.20
    export MERGEABLE_LIBRARY\=NO
    export MERGED_BINARY_TYPE\=none
    export MERGE_LINKED_LIBRARIES\=NO
    export METAL_LIBRARY_FILE_BASE\=default
    export METAL_LIBRARY_OUTPUT_DIR\=/Users/runner/work/Nuvio-Xiec/Nuvio-Xiec/build/ios-device/Build/Products/Debug-iphoneos/Nuvio.app
    export MODULES_FOLDER_PATH\=Nuvio.app/Modules
    export MODULE_CACHE_DIR\=/Users/runner/work/Nuvio-Xiec/Nuvio-Xiec/build/ios-device/ModuleCache.noindex
    export MTL_ENABLE_DEBUG_INFO\=INCLUDE_SOURCE
    export MTL_FAST_MATH\=YES
    export NATIVE_ARCH\=arm64
    export NATIVE_ARCH_32_BIT\=arm
    export NATIVE_ARCH_64_BIT\=arm64
    export NATIVE_ARCH_ACTUAL\=arm64
    export NO_COMMON\=YES
    export OBJECT_FILE_DIR\=/Users/runner/work/Nuvio-Xiec/Nuvio-Xiec/build/ios-device/Build/Intermediates.noindex/iosApp.build/Debug-iphoneos/iosApp.build/Objects
    export OBJECT_FILE_DIR_normal\=/Users/runner/work/Nuvio-Xiec/Nuvio-Xiec/build/ios-device/Build/Intermediates.noindex/iosApp.build/Debug-iphoneos/iosApp.build/Objects-normal
    export OBJROOT\=/Users/runner/work/Nuvio-Xiec/Nuvio-Xiec/build/ios-device/Build/Intermediates.noindex
    export ONLY_ACTIVE_ARCH\=NO
    export OS\=MACOS
    export OSAC\=/usr/bin/osacompile
    export OTHER_CFLAGS\=-fmodule-map-file\=/Users/runner/work/Nuvio-Xiec/Nuvio-Xiec/build/ios-device/Build/Intermediates.noindex/GeneratedModuleMaps-iphoneos/_FFmpeg.modulemap\ -fmodule-map-file\=/Users/runner/work/Nuvio-Xiec/Nuvio-Xiec/build/ios-device/Build/Intermediates.noindex/GeneratedModuleMaps-iphoneos/_MPVKit.modulemap\ 
    export OTHER_CPLUSPLUSFLAGS\=-fmodule-map-file\=/Users/runner/work/Nuvio-Xiec/Nuvio-Xiec/build/ios-device/Build/Intermediates.noindex/GeneratedModuleMaps-iphoneos/_FFmpeg.modulemap\ -fmodule-map-file\=/Users/runner/work/Nuvio-Xiec/Nuvio-Xiec/build/ios-device/Build/Intermediates.noindex/GeneratedModuleMaps-iphoneos/_MPVKit.modulemap\ 
    export OTHER_LDFLAGS\=-Wl,-no_warn_duplicate_libraries\ -Wl,-no_warn_duplicate_libraries\ \ -framework\ SystemConfiguration\ -framework\ AVFoundation\ -framework\ CoreAudio\ -framework\ AudioToolbox\ -framework\ CoreVideo\ -framework\ CoreFoundation\ -framework\ CoreMedia\ -framework\ Metal\ -framework\ VideoToolbox\ -lbz2\ -liconv\ -lexpat\ -lresolv\ -lxml2\ -lz\ -lc++
    export OTHER_SWIFT_FLAGS\=-Xcc\ -fmodule-map-file\=/Users/runner/work/Nuvio-Xiec/Nuvio-Xiec/build/ios-device/Build/Intermediates.noindex/GeneratedModuleMaps-iphoneos/_FFmpeg.modulemap\ -Xcc\ -fmodule-map-file\=/Users/runner/work/Nuvio-Xiec/Nuvio-Xiec/build/ios-device/Build/Intermediates.noindex/GeneratedModuleMaps-iphoneos/_MPVKit.modulemap\ 
    export PACKAGE_TYPE\=com.apple.package-type.wrapper.application
    export PASCAL_STRINGS\=YES
    export PATH\=/Applications/Xcode_16.4.app/Contents/SharedFrameworks/SwiftBuild.framework/Versions/A/PlugIns/SWBBuildService.bundle/Contents/PlugIns/SWBUniversalPlatformPlugin.bundle/Contents/Frameworks/SWBUniversalPlatform.framework/Resources:/Applications/Xcode_16.4.app/Contents/Developer/Toolchains/XcodeDefault.xctoolchain/usr/bin:/Applications/Xcode_16.4.app/Contents/Developer/Toolchains/XcodeDefault.xctoolchain/usr/local/bin:/Applications/Xcode_16.4.app/Contents/Developer/Toolchains/XcodeDefault.xctoolchain/usr/libexec:/Applications/Xcode_16.4.app/Contents/Developer/Platforms/iPhoneOS.platform/usr/bin:/Applications/Xcode_16.4.app/Contents/Developer/Platforms/iPhoneOS.platform/usr/local/bin:/Applications/Xcode_16.4.app/Contents/Developer/Platforms/iPhoneOS.platform/Developer/usr/bin:/Applications/Xcode_16.4.app/Contents/Developer/Platforms/iPhoneOS.platform/Developer/usr/local/bin:/Applications/Xcode_16.4.app/Contents/Developer/usr/bin:/Applications/Xcode_16.4.app/Contents/Developer/usr/local/bin:/Users/runner/hostedtoolcache/Java_Temurin-Hotspot_jdk/17.0.20-101/arm64/Contents/Home/bin:/opt/homebrew/lib/ruby/gems/3.3.0/bin:/opt/homebrew/opt/ruby@3.3/bin:/Users/runner/.local/bin:/opt/homebrew/bin:/opt/homebrew/sbin:/Users/runner/.cargo/bin:/usr/local/opt/curl/bin:/usr/local/bin:/usr/local/sbin:/Users/runner/bin:/Users/runner/.yarn/bin:/Users/runner/Library/Android/sdk/tools:/Users/runner/Library/Android/sdk/platform-tools:/Library/Frameworks/Python.framework/Versions/Current/bin:/Library/Frameworks/Mono.framework/Versions/Current/Commands:/usr/bin:/bin:/usr/sbin:/sbin:/Users/runner/.dotnet/tools
    export PATH_PREFIXES_EXCLUDED_FROM_HEADER_DEPENDENCIES\=/usr/include\ /usr/local/include\ /System/Library/Frameworks\ /System/Library/PrivateFrameworks\ /Applications/Xcode_16.4.app/Contents/Developer/Headers\ /Applications/Xcode_16.4.app/Contents/Developer/SDKs\ /Applications/Xcode_16.4.app/Contents/Developer/Platforms
    export PBDEVELOPMENTPLIST_PATH\=Nuvio.app/pbdevelopment.plist
    export PER_ARCH_MODULE_FILE_DIR\=/Users/runner/work/Nuvio-Xiec/Nuvio-Xiec/build/ios-device/Build/Intermediates.noindex/iosApp.build/Debug-iphoneos/iosApp.build/Objects-normal/undefined_arch
    export PER_ARCH_OBJECT_FILE_DIR\=/Users/runner/work/Nuvio-Xiec/Nuvio-Xiec/build/ios-device/Build/Intermediates.noindex/iosApp.build/Debug-iphoneos/iosApp.build/Objects-normal/undefined_arch
    export PER_VARIANT_OBJECT_FILE_DIR\=/Users/runner/work/Nuvio-Xiec/Nuvio-Xiec/build/ios-device/Build/Intermediates.noindex/iosApp.build/Debug-iphoneos/iosApp.build/Objects-normal
    export PKGINFO_FILE_PATH\=/Users/runner/work/Nuvio-Xiec/Nuvio-Xiec/build/ios-device/Build/Intermediates.noindex/iosApp.build/Debug-iphoneos/iosApp.build/PkgInfo
    export PKGINFO_PATH\=Nuvio.app/PkgInfo
    export PLATFORM_DEVELOPER_APPLICATIONS_DIR\=/Applications/Xcode_16.4.app/Contents/Developer/Platforms/iPhoneOS.platform/Developer/Applications
    export PLATFORM_DEVELOPER_BIN_DIR\=/Applications/Xcode_16.4.app/Contents/Developer/Platforms/iPhoneOS.platform/Developer/usr/bin
    export PLATFORM_DEVELOPER_LIBRARY_DIR\=/Applications/Xcode_16.4.app/Contents/Developer/Platforms/iPhoneOS.platform/Developer/Library
    export PLATFORM_DEVELOPER_SDK_DIR\=/Applications/Xcode_16.4.app/Contents/Developer/Platforms/iPhoneOS.platform/Developer/SDKs
    export PLATFORM_DEVELOPER_TOOLS_DIR\=/Applications/Xcode_16.4.app/Contents/Developer/Platforms/iPhoneOS.platform/Developer/Tools
    export PLATFORM_DEVELOPER_USR_DIR\=/Applications/Xcode_16.4.app/Contents/Developer/Platforms/iPhoneOS.platform/Developer/usr
    export PLATFORM_DIR\=/Applications/Xcode_16.4.app/Contents/Developer/Platforms/iPhoneOS.platform
    export PLATFORM_DISPLAY_NAME\=iOS
    export PLATFORM_FAMILY_NAME\=iOS
    export PLATFORM_NAME\=iphoneos
    export PLATFORM_PREFERRED_ARCH\=arm64
    export PLATFORM_PRODUCT_BUILD_VERSION\=22F76
    export PLATFORM_REQUIRES_SWIFT_AUTOLINK_EXTRACT\=NO
    export PLATFORM_REQUIRES_SWIFT_MODULEWRAP\=NO
    export PLIST_FILE_OUTPUT_FORMAT\=binary
    export PLUGINS_FOLDER_PATH\=Nuvio.app/PlugIns
    export PRECOMPS_INCLUDE_HEADERS_FROM_BUILT_PRODUCTS_DIR\=YES
    export PRECOMP_DESTINATION_DIR\=/Users/runner/work/Nuvio-Xiec/Nuvio-Xiec/build/ios-device/Build/Intermediates.noindex/iosApp.build/Debug-iphoneos/iosApp.build/PrefixHeaders
    export PRIVATE_HEADERS_FOLDER_PATH\=Nuvio.app/PrivateHeaders
    export PROCESSED_INFOPLIST_PATH\=/Users/runner/work/Nuvio-Xiec/Nuvio-Xiec/build/ios-device/Build/Intermediates.noindex/iosApp.build/Debug-iphoneos/iosApp.build/Objects-normal/undefined_arch/Processed-Info.plist
    export PRODUCT_BUNDLE_IDENTIFIER\=com.nuvio.app
    export PRODUCT_BUNDLE_PACKAGE_TYPE\=APPL
    export PRODUCT_MODULE_NAME\=Nuvio
    export PRODUCT_NAME\=Nuvio
    export PRODUCT_SETTINGS_PATH\=/Users/runner/work/Nuvio-Xiec/Nuvio-Xiec/iosApp/iosApp/Info.plist
    export PRODUCT_TYPE\=com.apple.product-type.application
    export PROFILING_CODE\=NO
    export PROJECT\=iosApp
    export PROJECT_DERIVED_FILE_DIR\=/Users/runner/work/Nuvio-Xiec/Nuvio-Xiec/build/ios-device/Build/Intermediates.noindex/iosApp.build/DerivedSources
    export PROJECT_DIR\=/Users/runner/work/Nuvio-Xiec/Nuvio-Xiec/iosApp
    export PROJECT_FILE_PATH\=/Users/runner/work/Nuvio-Xiec/Nuvio-Xiec/iosApp/iosApp.xcodeproj
    export PROJECT_GUID\=7b79493a8b7fc1f2fff3c51cd12ba024
    export PROJECT_NAME\=iosApp
    export PROJECT_TEMP_DIR\=/Users/runner/work/Nuvio-Xiec/Nuvio-Xiec/build/ios-device/Build/Intermediates.noindex/iosApp.build
    export PROJECT_TEMP_ROOT\=/Users/runner/work/Nuvio-Xiec/Nuvio-Xiec/build/ios-device/Build/Intermediates.noindex
    export PROVISIONING_PROFILE_REQUIRED\=YES
    export PROVISIONING_PROFILE_REQUIRED_YES_YES\=YES
    export PROVISIONING_PROFILE_SUPPORTED\=YES
    export PUBLIC_HEADERS_FOLDER_PATH\=Nuvio.app/Headers
    export RECOMMENDED_IPHONEOS_DEPLOYMENT_TARGET\=15.0
    export RECURSIVE_SEARCH_PATHS_FOLLOW_SYMLINKS\=YES
    export REMOVE_CVS_FROM_RESOURCES\=YES
    export REMOVE_GIT_FROM_RESOURCES\=YES
    export REMOVE_HEADERS_FROM_EMBEDDED_BUNDLES\=YES
    export REMOVE_HG_FROM_RESOURCES\=YES
    export REMOVE_STATIC_EXECUTABLES_FROM_EMBEDDED_BUNDLES\=YES
    export REMOVE_SVN_FROM_RESOURCES\=YES
    export RESCHEDULE_INDEPENDENT_HEADERS_PHASES\=YES
    export REZ_COLLECTOR_DIR\=/Users/runner/work/Nuvio-Xiec/Nuvio-Xiec/build/ios-device/Build/Intermediates.noindex/iosApp.build/Debug-iphoneos/iosApp.build/ResourceManagerResources
    export REZ_OBJECTS_DIR\=/Users/runner/work/Nuvio-Xiec/Nuvio-Xiec/build/ios-device/Build/Intermediates.noindex/iosApp.build/Debug-iphoneos/iosApp.build/ResourceManagerResources/Objects
    export REZ_SEARCH_PATHS\=/Users/runner/work/Nuvio-Xiec/Nuvio-Xiec/build/ios-device/Build/Products/Debug-iphoneos\ 
    export SCAN_ALL_SOURCE_FILES_FOR_INCLUDES\=NO
    export SCRIPTS_FOLDER_PATH\=Nuvio.app/Scripts
    export SCRIPT_INPUT_FILE_COUNT\=0
    export SCRIPT_INPUT_FILE_LIST_COUNT\=0
    export SCRIPT_OUTPUT_FILE_COUNT\=0
    export SCRIPT_OUTPUT_FILE_LIST_COUNT\=0
    export SDKROOT\=/Applications/Xcode_16.4.app/Contents/Developer/Platforms/iPhoneOS.platform/Developer/SDKs/iPhoneOS18.5.sdk
    export SDK_DIR\=/Applications/Xcode_16.4.app/Contents/Developer/Platforms/iPhoneOS.platform/Developer/SDKs/iPhoneOS18.5.sdk
    export SDK_DIR_iphoneos\=/Applications/Xcode_16.4.app/Contents/Developer/Platforms/iPhoneOS.platform/Developer/SDKs/iPhoneOS18.5.sdk
    export SDK_DIR_iphoneos18_5\=/Applications/Xcode_16.4.app/Contents/Developer/Platforms/iPhoneOS.platform/Developer/SDKs/iPhoneOS18.5.sdk
    export SDK_NAME\=iphoneos18.5
    export SDK_NAMES\=iphoneos18.5
    export SDK_PRODUCT_BUILD_VERSION\=22F76
    export SDK_STAT_CACHE_DIR\=/Users/runner/work/Nuvio-Xiec/Nuvio-Xiec/build/ios-device
    export SDK_STAT_CACHE_ENABLE\=YES
    export SDK_STAT_CACHE_PATH\=/Users/runner/work/Nuvio-Xiec/Nuvio-Xiec/build/ios-device/SDKStatCaches.noindex/iphoneos18.5-22F76-a529daf784b3616c7c04a36aeb7f5c05.sdkstatcache
    export SDK_VERSION\=18.5
    export SDK_VERSION_ACTUAL\=180500
    export SDK_VERSION_MAJOR\=180000
    export SDK_VERSION_MINOR\=180500
    export SED\=/usr/bin/sed
    export SEPARATE_STRIP\=NO
    export SEPARATE_SYMBOL_EDIT\=NO
    export SET_DIR_MODE_OWNER_GROUP\=YES
    export SET_FILE_MODE_OWNER_GROUP\=NO
    export SHALLOW_BUNDLE\=YES
    export SHALLOW_BUNDLE_TRIPLE\=ios
    export SHALLOW_BUNDLE_ios_macabi\=NO
    export SHALLOW_BUNDLE_macos\=NO
    export SHARED_DERIVED_FILE_DIR\=/Users/runner/work/Nuvio-Xiec/Nuvio-Xiec/build/ios-device/Build/Products/Debug-iphoneos/DerivedSources
    export SHARED_FRAMEWORKS_FOLDER_PATH\=Nuvio.app/SharedFrameworks
    export SHARED_PRECOMPS_DIR\=/Users/runner/work/Nuvio-Xiec/Nuvio-Xiec/build/ios-device/Build/Intermediates.noindex/PrecompiledHeaders
    export SHARED_SUPPORT_FOLDER_PATH\=Nuvio.app/SharedSupport
    export SKIP_INSTALL\=NO
    export SOURCE_ROOT\=/Users/runner/work/Nuvio-Xiec/Nuvio-Xiec/iosApp
    export SRCROOT\=/Users/runner/work/Nuvio-Xiec/Nuvio-Xiec/iosApp
    export STRINGSDATA_DIR\=/Users/runner/work/Nuvio-Xiec/Nuvio-Xiec/build/ios-device/Build/Intermediates.noindex/iosApp.build/Debug-iphoneos/iosApp.build/Objects-normal/undefined_arch
    export STRINGSDATA_ROOT\=/Users/runner/work/Nuvio-Xiec/Nuvio-Xiec/build/ios-device/Build/Intermediates.noindex/iosApp.build/Debug-iphoneos/iosApp.build
    export STRINGS_FILE_INFOPLIST_RENAME\=YES
    export STRINGS_FILE_OUTPUT_ENCODING\=binary
    export STRIP_BITCODE_FROM_COPIED_FILES\=YES
    export STRIP_INSTALLED_PRODUCT\=NO
    export STRIP_STYLE\=all
    export STRIP_SWIFT_SYMBOLS\=YES
    export SUPPORTED_DEVICE_FAMILIES\=1,2
    export SUPPORTED_PLATFORMS\=iphoneos\ iphonesimulator
    export SUPPORTS_MACCATALYST\=NO
    export SUPPORTS_MAC_DESIGNED_FOR_IPHONE_IPAD\=YES
    export SUPPORTS_ON_DEMAND_RESOURCES\=YES
    export SUPPORTS_TEXT_BASED_API\=NO
    export SUPPORTS_XR_DESIGNED_FOR_IPHONE_IPAD\=YES
    export SUPPRESS_WARNINGS\=NO
    export SWIFT_ACTIVE_COMPILATION_CONDITIONS\=DEBUG\ 
    export SWIFT_EMIT_LOC_STRINGS\=YES
    export SWIFT_OPTIMIZATION_LEVEL\=-Onone
    export SWIFT_PLATFORM_TARGET_PREFIX\=ios
    export SWIFT_RESPONSE_FILE_PATH_normal_arm64\=/Users/runner/work/Nuvio-Xiec/Nuvio-Xiec/build/ios-device/Build/Intermediates.noindex/iosApp.build/Debug-iphoneos/iosApp.build/Objects-normal/arm64/Nuvio.SwiftFileList
    export SWIFT_VERSION\=5.0
    export SYMROOT\=/Users/runner/work/Nuvio-Xiec/Nuvio-Xiec/build/ios-device/Build/Products
    export SYSTEM_ADMIN_APPS_DIR\=/Applications/Utilities
    export SYSTEM_APPS_DIR\=/Applications
    export SYSTEM_CORE_SERVICES_DIR\=/System/Library/CoreServices
    export SYSTEM_DEMOS_DIR\=/Applications/Extras
    export SYSTEM_DEVELOPER_APPS_DIR\=/Applications/Xcode_16.4.app/Contents/Developer/Applications
    export SYSTEM_DEVELOPER_BIN_DIR\=/Applications/Xcode_16.4.app/Contents/Developer/usr/bin
    export SYSTEM_DEVELOPER_DEMOS_DIR\=/Applications/Xcode_16.4.app/Contents/Developer/Applications/Utilities/Built\ Examples
    export SYSTEM_DEVELOPER_DIR\=/Applications/Xcode_16.4.app/Contents/Developer
    export SYSTEM_DEVELOPER_DOC_DIR\=/Applications/Xcode_16.4.app/Contents/Developer/ADC\ Reference\ Library
    export SYSTEM_DEVELOPER_GRAPHICS_TOOLS_DIR\=/Applications/Xcode_16.4.app/Contents/Developer/Applications/Graphics\ Tools
    export SYSTEM_DEVELOPER_JAVA_TOOLS_DIR\=/Applications/Xcode_16.4.app/Contents/Developer/Applications/Java\ Tools
    export SYSTEM_DEVELOPER_PERFORMANCE_TOOLS_DIR\=/Applications/Xcode_16.4.app/Contents/Developer/Applications/Performance\ Tools
    export SYSTEM_DEVELOPER_RELEASENOTES_DIR\=/Applications/Xcode_16.4.app/Contents/Developer/ADC\ Reference\ Library/releasenotes
    export SYSTEM_DEVELOPER_TOOLS\=/Applications/Xcode_16.4.app/Contents/Developer/Tools
    export SYSTEM_DEVELOPER_TOOLS_DOC_DIR\=/Applications/Xcode_16.4.app/Contents/Developer/ADC\ Reference\ Library/documentation/DeveloperTools
    export SYSTEM_DEVELOPER_TOOLS_RELEASENOTES_DIR\=/Applications/Xcode_16.4.app/Contents/Developer/ADC\ Reference\ Library/releasenotes/DeveloperTools
    export SYSTEM_DEVELOPER_USR_DIR\=/Applications/Xcode_16.4.app/Contents/Developer/usr
    export SYSTEM_DEVELOPER_UTILITIES_DIR\=/Applications/Xcode_16.4.app/Contents/Developer/Applications/Utilities
    export SYSTEM_DEXT_INSTALL_PATH\=/System/Library/DriverExtensions
    export SYSTEM_DOCUMENTATION_DIR\=/Library/Documentation
    export SYSTEM_EXTENSIONS_FOLDER_PATH\=Nuvio.app/SystemExtensions
    export SYSTEM_EXTENSIONS_FOLDER_PATH_SHALLOW_BUNDLE_NO\=Nuvio.app/Library/SystemExtensions
    export SYSTEM_EXTENSIONS_FOLDER_PATH_SHALLOW_BUNDLE_YES\=Nuvio.app/SystemExtensions
    export SYSTEM_KEXT_INSTALL_PATH\=/System/Library/Extensions
    export SYSTEM_LIBRARY_DIR\=/System/Library
    export TAPI_DEMANGLE\=YES
    export TAPI_ENABLE_PROJECT_HEADERS\=NO
    export TAPI_LANGUAGE\=objective-c
    export TAPI_LANGUAGE_STANDARD\=compiler-default
    export TAPI_USE_SRCROOT\=YES
    export TAPI_VERIFY_MODE\=Pedantic
    export TARGETED_DEVICE_FAMILY\=1,2
    export TARGETNAME\=iosApp
    export TARGET_BUILD_DIR\=/Users/runner/work/Nuvio-Xiec/Nuvio-Xiec/build/ios-device/Build/Products/Debug-iphoneos
    export TARGET_NAME\=iosApp
    export TARGET_TEMP_DIR\=/Users/runner/work/Nuvio-Xiec/Nuvio-Xiec/build/ios-device/Build/Intermediates.noindex/iosApp.build/Debug-iphoneos/iosApp.build
    export TEMP_DIR\=/Users/runner/work/Nuvio-Xiec/Nuvio-Xiec/build/ios-device/Build/Intermediates.noindex/iosApp.build/Debug-iphoneos/iosApp.build
    export TEMP_FILES_DIR\=/Users/runner/work/Nuvio-Xiec/Nuvio-Xiec/build/ios-device/Build/Intermediates.noindex/iosApp.build/Debug-iphoneos/iosApp.build
    export TEMP_FILE_DIR\=/Users/runner/work/Nuvio-Xiec/Nuvio-Xiec/build/ios-device/Build/Intermediates.noindex/iosApp.build/Debug-iphoneos/iosApp.build
    export TEMP_ROOT\=/Users/runner/work/Nuvio-Xiec/Nuvio-Xiec/build/ios-device/Build/Intermediates.noindex
    export TEMP_SANDBOX_DIR\=/Users/runner/work/Nuvio-Xiec/Nuvio-Xiec/build/ios-device/Build/Intermediates.noindex/TemporaryTaskSandboxes
    export TEST_FRAMEWORK_SEARCH_PATHS\=\ /Applications/Xcode_16.4.app/Contents/Developer/Platforms/iPhoneOS.platform/Developer/Library/Frameworks\ /Applications/Xcode_16.4.app/Contents/Developer/Platforms/iPhoneOS.platform/Developer/SDKs/iPhoneOS18.5.sdk/Developer/Library/Frameworks
    export TEST_LIBRARY_SEARCH_PATHS\=\ /Applications/Xcode_16.4.app/Contents/Developer/Platforms/iPhoneOS.platform/Developer/usr/lib
    export TOOLCHAINS\=com.apple.dt.toolchain.XcodeDefault
    export TOOLCHAIN_DIR\=/Applications/Xcode_16.4.app/Contents/Developer/Toolchains/XcodeDefault.xctoolchain
    export TREAT_MISSING_BASELINES_AS_TEST_FAILURES\=NO
    export TREAT_MISSING_SCRIPT_PHASE_OUTPUTS_AS_ERRORS\=NO
    export UID\=501
    export UNINSTALLED_PRODUCTS_DIR\=/Users/runner/work/Nuvio-Xiec/Nuvio-Xiec/build/ios-device/Build/Intermediates.noindex/UninstalledProducts
    export UNLOCALIZED_RESOURCES_FOLDER_PATH\=Nuvio.app
    export UNLOCALIZED_RESOURCES_FOLDER_PATH_SHALLOW_BUNDLE_NO\=Nuvio.app/Resources
    export UNLOCALIZED_RESOURCES_FOLDER_PATH_SHALLOW_BUNDLE_YES\=Nuvio.app
    export UNSTRIPPED_PRODUCT\=NO
    export USER\=runner
    export USER_APPS_DIR\=/Users/runner/Applications
    export USER_LIBRARY_DIR\=/Users/runner/Library
    export USE_DYNAMIC_NO_PIC\=YES
    export USE_HEADERMAP\=YES
    export USE_HEADER_SYMLINKS\=NO
    export VALIDATE_DEVELOPMENT_ASSET_PATHS\=YES_ERROR
    export VALIDATE_PRODUCT\=NO
    export VALID_ARCHS\=arm64\ arm64e\ armv7\ armv7s
    export VERBOSE_PBXCP\=NO
    export VERSIONPLIST_PATH\=Nuvio.app/version.plist
    export VERSION_INFO_BUILDER\=runner
    export VERSION_INFO_FILE\=Nuvio_vers.c
    export VERSION_INFO_STRING\=\"@\(\#\)PROGRAM:Nuvio\ \ PROJECT:iosApp-125\"
    export WORKSPACE_DIR\=/Users/runner/work/Nuvio-Xiec/Nuvio-Xiec/iosApp/iosApp.xcodeproj
    export WRAPPER_EXTENSION\=app
    export WRAPPER_NAME\=Nuvio.app
    export WRAPPER_SUFFIX\=.app
    export WRAP_ASSET_PACKS_IN_SEPARATE_DIRECTORIES\=NO
    export XCODE_APP_SUPPORT_DIR\=/Applications/Xcode_16.4.app/Contents/Developer/Library/Xcode
    export XCODE_PRODUCT_BUILD_VERSION\=16F6
    export XCODE_VERSION_ACTUAL\=1640
    export XCODE_VERSION_MAJOR\=1600
    export XCODE_VERSION_MINOR\=1640
    export XPCSERVICES_FOLDER_PATH\=Nuvio.app/XPCServices
    export YACC\=yacc
    export _DISCOVER_COMMAND_LINE_LINKER_INPUTS\=YES
    export _DISCOVER_COMMAND_LINE_LINKER_INPUTS_INCLUDE_WL\=YES
    export _WRAPPER_CONTENTS_DIR_SHALLOW_BUNDLE_NO\=/Contents
    export _WRAPPER_PARENT_PATH_SHALLOW_BUNDLE_NO\=/..
    export _WRAPPER_RESOURCES_DIR_SHALLOW_BUNDLE_NO\=/Resources
    export __DIAGNOSE_DEPRECATED_ARCHS\=YES
    export __IS_NOT_MACOS\=YES
    export __IS_NOT_MACOS_macosx\=NO
    export __IS_NOT_SIMULATOR\=YES
    export __IS_NOT_SIMULATOR_simulator\=NO
    export arch\=undefined_arch
    export variant\=normal
    /bin/sh -c /Users/runner/work/Nuvio-Xiec/Nuvio-Xiec/build/ios-device/Build/Intermediates.noindex/iosApp.build/Debug-iphoneos/iosApp.build/Script-8C96BAEBBE1F4269A0BADC2B.sh
Starting a Gradle Daemon (subsequent builds will be faster)
Calculating task graph as no cached configuration is available for tasks: :composeApp:embedAndSignAppleFrameworkForXcode
Type-safe project accessors is an incubating feature.
> Task :composeApp:checkSyntheticImportProjectIsCorrectlyIntegrated SKIPPED
> Task :composeApp:generateSyntheticLinkageSwiftPMImportProjectForEmbedAndSignLinkage SKIPPED
> Task :composeApp:kmpPartiallyResolvedDependenciesChecker
> Task :composeApp:checkKotlinGradlePluginConfigurationErrors SKIPPED
> Task :composeApp:checkSandboxAndWriteProtection
> Task :composeApp:checkIosArm64MainComposeLibrariesCompatibility
> Task :composeApp:convertXmlValueResourcesForAppleMain NO-SOURCE
> Task :composeApp:copyNonXmlValueResourcesForAppleMain NO-SOURCE
> Task :composeApp:prepareComposeResourcesTaskForAppleMain NO-SOURCE
> Task :composeApp:generateResourceAccessorsForAppleMain NO-SOURCE
> Task :composeApp:convertXmlValueResourcesForCommonMain
> Task :composeApp:copyNonXmlValueResourcesForCommonMain
> Task :composeApp:prepareComposeResourcesTaskForCommonMain

> Task :composeApp:cinteropAppiconIosArm64
Kotlin/Native bundle directory /Users/runner/.konan/kotlin-native-prebuilt-macos-aarch64-2.4.10 is not empty. Native bundle files will be overwritten.

> Task :composeApp:generateResourceAccessorsForCommonMain
> Task :composeApp:convertXmlValueResourcesForIosArm64Main NO-SOURCE
> Task :composeApp:copyNonXmlValueResourcesForIosArm64Main NO-SOURCE
> Task :composeApp:prepareComposeResourcesTaskForIosArm64Main NO-SOURCE
> Task :composeApp:generateResourceAccessorsForIosArm64Main NO-SOURCE
> Task :composeApp:convertXmlValueResourcesForIosMain NO-SOURCE
> Task :composeApp:copyNonXmlValueResourcesForIosMain NO-SOURCE
> Task :composeApp:prepareComposeResourcesTaskForIosMain NO-SOURCE
> Task :composeApp:generateResourceAccessorsForIosMain NO-SOURCE
> Task :composeApp:convertXmlValueResourcesForNativeMain NO-SOURCE
> Task :composeApp:copyNonXmlValueResourcesForNativeMain NO-SOURCE
> Task :composeApp:prepareComposeResourcesTaskForNativeMain NO-SOURCE
> Task :composeApp:generateResourceAccessorsForNativeMain NO-SOURCE
> Task :composeApp:generateActualResourceCollectorsForIosArm64Main
> Task :composeApp:generateComposeResClass
> Task :composeApp:generateExpectResourceCollectorsForCommonMain
> Task :composeApp:generateRuntimeConfigs
> Task :composeApp:createBuildSystemDirectory
> Task :composeApp:symbolicLinkToAssembleDebugAppleFrameworkForXcodeIosArm64
> Task :composeApp:checkCanSyncComposeResourcesForIos
> Task :composeApp:iosArm64ResolveResourcesFromDependencies
> Task :composeApp:assembleIosArm64MainResources
> Task :composeApp:iosArm64ResolveSelfResourcesCopyHierarchicalMultiplatformResources
> Task :composeApp:iosArm64AggregateResources
> Task :composeApp:iosSimulatorArm64ResolveResourcesFromDependencies
> Task :composeApp:convertXmlValueResourcesForIosSimulatorArm64Main NO-SOURCE
> Task :composeApp:copyNonXmlValueResourcesForIosSimulatorArm64Main NO-SOURCE
> Task :composeApp:prepareComposeResourcesTaskForIosSimulatorArm64Main NO-SOURCE
> Task :composeApp:assembleIosSimulatorArm64MainResources
> Task :composeApp:iosSimulatorArm64ResolveSelfResourcesCopyHierarchicalMultiplatformResources
> Task :composeApp:iosSimulatorArm64AggregateResources
> Task :composeApp:syncComposeResourcesForIos
> Task :composeApp:validateArchitecturesForEmbedAndSignAppleFrameworkForXcode

> Task :composeApp:downloadKotlinNativeDistribution
Downloading native dependencies (LLVM, sysroot etc). This is a one-time action performed only on the first run of the compiler.
Downloading dependency https://download.jetbrains.com/kotlin/native/resources/llvm/21-aarch64-macos/llvm-21-aarch64-macos-essentials-97.tar.gz to /Users/runner/.konan/dependencies/cache/llvm-21-aarch64-macos-essentials-97.tar.gz
Done.
Extracting dependency: /Users/runner/.konan/dependencies/cache/llvm-21-aarch64-macos-essentials-97.tar.gz into /Users/runner/.konan/dependencies
Downloading dependency https://download.jetbrains.com/kotlin/native/libffi-3.3-1-macos-arm64.tar.gz to /Users/runner/.konan/dependencies/cache/libffi-3.3-1-macos-arm64.tar.gz
Done.
Extracting dependency: /Users/runner/.konan/dependencies/cache/libffi-3.3-1-macos-arm64.tar.gz into /Users/runner/.konan/dependencies

> Task :composeApp:cinteropCommoncryptoIosArm64
> Task :composeApp:compileKotlinIosArm64 FROM-CACHE
> Task :composeApp:linkDebugFrameworkIosArm64
warning: The number of threads 4 is more than the number of processors 3

> Task :composeApp:assembleDebugAppleFrameworkForXcodeIosArm64
> Task :composeApp:copyDsymForEmbedAndSignAppleFrameworkForXcode SKIPPED
> Task :composeApp:embedAndSignAppleFrameworkForXcode SKIPPED
gradle/actions: Writing build results to /Users/runner/work/_temp/.gradle-actions/build-results/__run_3-1791126277158.json

BUILD SUCCESSFUL in 11m 4s
30 actionable tasks: 29 executed, 1 from cache
Configuration cache entry stored.

ValidateDevelopmentAssets /Users/runner/work/Nuvio-Xiec/Nuvio-Xiec/build/ios-device/Build/Intermediates.noindex/iosApp.build/Debug-iphoneos/iosApp.build (in target 'iosApp' from project 'iosApp')
    cd /Users/runner/work/Nuvio-Xiec/Nuvio-Xiec/iosApp
    builtin-validate-development-assets --validate YES_ERROR /Users/runner/work/Nuvio-Xiec/Nuvio-Xiec/iosApp/iosApp/Preview\ Content

Copy /Users/runner/work/Nuvio-Xiec/Nuvio-Xiec/build/ios-device/Build/Products/Debug-iphoneos/Nuvio.app/Frameworks/nettle.framework /Users/runner/work/Nuvio-Xiec/Nuvio-Xiec/build/ios-device/SourcePackages/artifacts/mpvkit/nettle/nettle.xcframework/ios-arm64/nettle.framework (in target 'iosApp' from project 'iosApp')
    cd /Users/runner/work/Nuvio-Xiec/Nuvio-Xiec/iosApp
    builtin-copy -exclude .DS_Store -exclude CVS -exclude .svn -exclude .git -exclude .hg -exclude Headers -exclude PrivateHeaders -exclude Modules -exclude \*.tbd -bitcode-strip all -bitcode-strip-tool /Applications/Xcode_16.4.app/Contents/Developer/Toolchains/XcodeDefault.xctoolchain/usr/bin/bitcode_strip -resolve-src-symlinks -remove-static-executable /Users/runner/work/Nuvio-Xiec/Nuvio-Xiec/build/ios-device/SourcePackages/artifacts/mpvkit/nettle/nettle.xcframework/ios-arm64/nettle.framework /Users/runner/work/Nuvio-Xiec/Nuvio-Xiec/build/ios-device/Build/Products/Debug-iphoneos/Nuvio.app/Frameworks
note: Injecting stub binary into codeless framework (in target 'iosApp' from project 'iosApp')
    /Applications/Xcode_16.4.app/Contents/Developer/Toolchains/XcodeDefault.xctoolchain/usr/bin/clang -isysroot /Applications/Xcode_16.4.app/Contents/Developer/Platforms/iPhoneOS.platform/Developer/SDKs/iPhoneOS18.5.sdk -x c -c /dev/null -target arm64-apple-ios100.0 -o /private/var/folders/nj/vtw8zd2j31d1gdrtntc5y4600000gn/T/swbuild.tmp.bNWaZ6uz/Data.noindex/arm64-apple.o
    /Applications/Xcode_16.4.app/Contents/Developer/Toolchains/XcodeDefault.xctoolchain/usr/bin/clang -isysroot /Applications/Xcode_16.4.app/Contents/Developer/Platforms/iPhoneOS.platform/Developer/SDKs/iPhoneOS18.5.sdk -dynamiclib -Xlinker -adhoc_codesign -target arm64-apple-ios100.0 -o /private/var/folders/nj/vtw8zd2j31d1gdrtntc5y4600000gn/T/swbuild.tmp.bNWaZ6uz/Data.noindex/arm64-apple /private/var/folders/nj/vtw8zd2j31d1gdrtntc5y4600000gn/T/swbuild.tmp.bNWaZ6uz/Data.noindex/arm64-apple.o
    /Applications/Xcode_16.4.app/Contents/Developer/Toolchains/XcodeDefault.xctoolchain/usr/bin/lipo -create -output /Users/runner/work/Nuvio-Xiec/Nuvio-Xiec/build/ios-device/Build/Products/Debug-iphoneos/Nuvio.app/Frameworks/nettle.framework/nettle /private/var/folders/nj/vtw8zd2j31d1gdrtntc5y4600000gn/T/swbuild.tmp.bNWaZ6uz/Data.noindex/arm64-apple

Copy /Users/runner/work/Nuvio-Xiec/Nuvio-Xiec/build/ios-device/Build/Products/Debug-iphoneos/Nuvio.app/Frameworks/lcms2.framework /Users/runner/work/Nuvio-Xiec/Nuvio-Xiec/build/ios-device/SourcePackages/artifacts/mpvkit/lcms2/lcms2.xcframework/ios-arm64/lcms2.framework (in target 'iosApp' from project 'iosApp')
    cd /Users/runner/work/Nuvio-Xiec/Nuvio-Xiec/iosApp
    builtin-copy -exclude .DS_Store -exclude CVS -exclude .svn -exclude .git -exclude .hg -exclude Headers -exclude PrivateHeaders -exclude Modules -exclude \*.tbd -bitcode-strip all -bitcode-strip-tool /Applications/Xcode_16.4.app/Contents/Developer/Toolchains/XcodeDefault.xctoolchain/usr/bin/bitcode_strip -resolve-src-symlinks -remove-static-executable /Users/runner/work/Nuvio-Xiec/Nuvio-Xiec/build/ios-device/SourcePackages/artifacts/mpvkit/lcms2/lcms2.xcframework/ios-arm64/lcms2.framework /Users/runner/work/Nuvio-Xiec/Nuvio-Xiec/build/ios-device/Build/Products/Debug-iphoneos/Nuvio.app/Frameworks
note: Injecting stub binary into codeless framework (in target 'iosApp' from project 'iosApp')
    /Applications/Xcode_16.4.app/Contents/Developer/Toolchains/XcodeDefault.xctoolchain/usr/bin/clang -isysroot /Applications/Xcode_16.4.app/Contents/Developer/Platforms/iPhoneOS.platform/Developer/SDKs/iPhoneOS18.5.sdk -x c -c /dev/null -target arm64-apple-ios100.0 -o /private/var/folders/nj/vtw8zd2j31d1gdrtntc5y4600000gn/T/swbuild.tmp.18vRqQAc/Data.noindex/arm64-apple.o
    /Applications/Xcode_16.4.app/Contents/Developer/Toolchains/XcodeDefault.xctoolchain/usr/bin/clang -isysroot /Applications/Xcode_16.4.app/Contents/Developer/Platforms/iPhoneOS.platform/Developer/SDKs/iPhoneOS18.5.sdk -dynamiclib -Xlinker -adhoc_codesign -target arm64-apple-ios100.0 -o /private/var/folders/nj/vtw8zd2j31d1gdrtntc5y4600000gn/T/swbuild.tmp.18vRqQAc/Data.noindex/arm64-apple /private/var/folders/nj/vtw8zd2j31d1gdrtntc5y4600000gn/T/swbuild.tmp.18vRqQAc/Data.noindex/arm64-apple.o
    /Applications/Xcode_16.4.app/Contents/Developer/Toolchains/XcodeDefault.xctoolchain/usr/bin/lipo -create -output /Users/runner/work/Nuvio-Xiec/Nuvio-Xiec/build/ios-device/Build/Products/Debug-iphoneos/Nuvio.app/Frameworks/lcms2.framework/lcms2 /private/var/folders/nj/vtw8zd2j31d1gdrtntc5y4600000gn/T/swbuild.tmp.18vRqQAc/Data.noindex/arm64-apple

Copy /Users/runner/work/Nuvio-Xiec/Nuvio-Xiec/build/ios-device/Build/Products/Debug-iphoneos/Nuvio.app/Frameworks/hogweed.framework /Users/runner/work/Nuvio-Xiec/Nuvio-Xiec/build/ios-device/SourcePackages/artifacts/mpvkit/hogweed/hogweed.xcframework/ios-arm64/hogweed.framework (in target 'iosApp' from project 'iosApp')
    cd /Users/runner/work/Nuvio-Xiec/Nuvio-Xiec/iosApp
    builtin-copy -exclude .DS_Store -exclude CVS -exclude .svn -exclude .git -exclude .hg -exclude Headers -exclude PrivateHeaders -exclude Modules -exclude \*.tbd -bitcode-strip all -bitcode-strip-tool /Applications/Xcode_16.4.app/Contents/Developer/Toolchains/XcodeDefault.xctoolchain/usr/bin/bitcode_strip -resolve-src-symlinks -remove-static-executable /Users/runner/work/Nuvio-Xiec/Nuvio-Xiec/build/ios-device/SourcePackages/artifacts/mpvkit/hogweed/hogweed.xcframework/ios-arm64/hogweed.framework /Users/runner/work/Nuvio-Xiec/Nuvio-Xiec/build/ios-device/Build/Products/Debug-iphoneos/Nuvio.app/Frameworks
note: Injecting stub binary into codeless framework (in target 'iosApp' from project 'iosApp')
    /Applications/Xcode_16.4.app/Contents/Developer/Toolchains/XcodeDefault.xctoolchain/usr/bin/clang -isysroot /Applications/Xcode_16.4.app/Contents/Developer/Platforms/iPhoneOS.platform/Developer/SDKs/iPhoneOS18.5.sdk -x c -c /dev/null -target arm64-apple-ios100.0 -o /private/var/folders/nj/vtw8zd2j31d1gdrtntc5y4600000gn/T/swbuild.tmp.la8S0YzJ/Data.noindex/arm64-apple.o
    /Applications/Xcode_16.4.app/Contents/Developer/Toolchains/XcodeDefault.xctoolchain/usr/bin/clang -isysroot /Applications/Xcode_16.4.app/Contents/Developer/Platforms/iPhoneOS.platform/Developer/SDKs/iPhoneOS18.5.sdk -dynamiclib -Xlinker -adhoc_codesign -target arm64-apple-ios100.0 -o /private/var/folders/nj/vtw8zd2j31d1gdrtntc5y4600000gn/T/swbuild.tmp.la8S0YzJ/Data.noindex/arm64-apple /private/var/folders/nj/vtw8zd2j31d1gdrtntc5y4600000gn/T/swbuild.tmp.la8S0YzJ/Data.noindex/arm64-apple.o
    /Applications/Xcode_16.4.app/Contents/Developer/Toolchains/XcodeDefault.xctoolchain/usr/bin/lipo -create -output /Users/runner/work/Nuvio-Xiec/Nuvio-Xiec/build/ios-device/Build/Products/Debug-iphoneos/Nuvio.app/Frameworks/hogweed.framework/hogweed /private/var/folders/nj/vtw8zd2j31d1gdrtntc5y4600000gn/T/swbuild.tmp.la8S0YzJ/Data.noindex/arm64-apple

Copy /Users/runner/work/Nuvio-Xiec/Nuvio-Xiec/build/ios-device/Build/Products/Debug-iphoneos/Nuvio.app/Frameworks/gnutls.framework /Users/runner/work/Nuvio-Xiec/Nuvio-Xiec/build/ios-device/SourcePackages/artifacts/mpvkit/gnutls/gnutls.xcframework/ios-arm64/gnutls.framework (in target 'iosApp' from project 'iosApp')
    cd /Users/runner/work/Nuvio-Xiec/Nuvio-Xiec/iosApp
    builtin-copy -exclude .DS_Store -exclude CVS -exclude .svn -exclude .git -exclude .hg -exclude Headers -exclude PrivateHeaders -exclude Modules -exclude \*.tbd -bitcode-strip all -bitcode-strip-tool /Applications/Xcode_16.4.app/Contents/Developer/Toolchains/XcodeDefault.xctoolchain/usr/bin/bitcode_strip -resolve-src-symlinks -remove-static-executable /Users/runner/work/Nuvio-Xiec/Nuvio-Xiec/build/ios-device/SourcePackages/artifacts/mpvkit/gnutls/gnutls.xcframework/ios-arm64/gnutls.framework /Users/runner/work/Nuvio-Xiec/Nuvio-Xiec/build/ios-device/Build/Products/Debug-iphoneos/Nuvio.app/Frameworks
note: Injecting stub binary into codeless framework (in target 'iosApp' from project 'iosApp')
    /Applications/Xcode_16.4.app/Contents/Developer/Toolchains/XcodeDefault.xctoolchain/usr/bin/clang -isysroot /Applications/Xcode_16.4.app/Contents/Developer/Platforms/iPhoneOS.platform/Developer/SDKs/iPhoneOS18.5.sdk -x c -c /dev/null -target arm64-apple-ios100.0 -o /private/var/folders/nj/vtw8zd2j31d1gdrtntc5y4600000gn/T/swbuild.tmp.M83QFQ4k/Data.noindex/arm64-apple.o
    /Applications/Xcode_16.4.app/Contents/Developer/Toolchains/XcodeDefault.xctoolchain/usr/bin/clang -isysroot /Applications/Xcode_16.4.app/Contents/Developer/Platforms/iPhoneOS.platform/Developer/SDKs/iPhoneOS18.5.sdk -dynamiclib -Xlinker -adhoc_codesign -target arm64-apple-ios100.0 -o /private/var/folders/nj/vtw8zd2j31d1gdrtntc5y4600000gn/T/swbuild.tmp.M83QFQ4k/Data.noindex/arm64-apple /private/var/folders/nj/vtw8zd2j31d1gdrtntc5y4600000gn/T/swbuild.tmp.M83QFQ4k/Data.noindex/arm64-apple.o
    /Applications/Xcode_16.4.app/Contents/Developer/Toolchains/XcodeDefault.xctoolchain/usr/bin/lipo -create -output /Users/runner/work/Nuvio-Xiec/Nuvio-Xiec/build/ios-device/Build/Products/Debug-iphoneos/Nuvio.app/Frameworks/gnutls.framework/gnutls /private/var/folders/nj/vtw8zd2j31d1gdrtntc5y4600000gn/T/swbuild.tmp.M83QFQ4k/Data.noindex/arm64-apple

Copy /Users/runner/work/Nuvio-Xiec/Nuvio-Xiec/build/ios-device/Build/Products/Debug-iphoneos/Nuvio.app/Frameworks/gmp.framework /Users/runner/work/Nuvio-Xiec/Nuvio-Xiec/build/ios-device/SourcePackages/artifacts/mpvkit/gmp/gmp.xcframework/ios-arm64/gmp.framework (in target 'iosApp' from project 'iosApp')
    cd /Users/runner/work/Nuvio-Xiec/Nuvio-Xiec/iosApp
    builtin-copy -exclude .DS_Store -exclude CVS -exclude .svn -exclude .git -exclude .hg -exclude Headers -exclude PrivateHeaders -exclude Modules -exclude \*.tbd -bitcode-strip all -bitcode-strip-tool /Applications/Xcode_16.4.app/Contents/Developer/Toolchains/XcodeDefault.xctoolchain/usr/bin/bitcode_strip -resolve-src-symlinks -remove-static-executable /Users/runner/work/Nuvio-Xiec/Nuvio-Xiec/build/ios-device/SourcePackages/artifacts/mpvkit/gmp/gmp.xcframework/ios-arm64/gmp.framework /Users/runner/work/Nuvio-Xiec/Nuvio-Xiec/build/ios-device/Build/Products/Debug-iphoneos/Nuvio.app/Frameworks
note: Injecting stub binary into codeless framework (in target 'iosApp' from project 'iosApp')
    /Applications/Xcode_16.4.app/Contents/Developer/Toolchains/XcodeDefault.xctoolchain/usr/bin/clang -isysroot /Applications/Xcode_16.4.app/Contents/Developer/Platforms/iPhoneOS.platform/Developer/SDKs/iPhoneOS18.5.sdk -x c -c /dev/null -target arm64-apple-ios100.0 -o /private/var/folders/nj/vtw8zd2j31d1gdrtntc5y4600000gn/T/swbuild.tmp.8S4zs7EP/Data.noindex/arm64-apple.o
    /Applications/Xcode_16.4.app/Contents/Developer/Toolchains/XcodeDefault.xctoolchain/usr/bin/clang -isysroot /Applications/Xcode_16.4.app/Contents/Developer/Platforms/iPhoneOS.platform/Developer/SDKs/iPhoneOS18.5.sdk -dynamiclib -Xlinker -adhoc_codesign -target arm64-apple-ios100.0 -o /private/var/folders/nj/vtw8zd2j31d1gdrtntc5y4600000gn/T/swbuild.tmp.8S4zs7EP/Data.noindex/arm64-apple /private/var/folders/nj/vtw8zd2j31d1gdrtntc5y4600000gn/T/swbuild.tmp.8S4zs7EP/Data.noindex/arm64-apple.o
    /Applications/Xcode_16.4.app/Contents/Developer/Toolchains/XcodeDefault.xctoolchain/usr/bin/lipo -create -output /Users/runner/work/Nuvio-Xiec/Nuvio-Xiec/build/ios-device/Build/Products/Debug-iphoneos/Nuvio.app/Frameworks/gmp.framework/gmp /private/var/folders/nj/vtw8zd2j31d1gdrtntc5y4600000gn/T/swbuild.tmp.8S4zs7EP/Data.noindex/arm64-apple

Copy /Users/runner/work/Nuvio-Xiec/Nuvio-Xiec/build/ios-device/Build/Products/Debug-iphoneos/Nuvio.app/Frameworks/Libunibreak.framework /Users/runner/work/Nuvio-Xiec/Nuvio-Xiec/build/ios-device/SourcePackages/artifacts/mpvkit/Libunibreak/Libunibreak.xcframework/ios-arm64/Libunibreak.framework (in target 'iosApp' from project 'iosApp')
    cd /Users/runner/work/Nuvio-Xiec/Nuvio-Xiec/iosApp
    builtin-copy -exclude .DS_Store -exclude CVS -exclude .svn -exclude .git -exclude .hg -exclude Headers -exclude PrivateHeaders -exclude Modules -exclude \*.tbd -bitcode-strip all -bitcode-strip-tool /Applications/Xcode_16.4.app/Contents/Developer/Toolchains/XcodeDefault.xctoolchain/usr/bin/bitcode_strip -resolve-src-symlinks -remove-static-executable /Users/runner/work/Nuvio-Xiec/Nuvio-Xiec/build/ios-device/SourcePackages/artifacts/mpvkit/Libunibreak/Libunibreak.xcframework/ios-arm64/Libunibreak.framework /Users/runner/work/Nuvio-Xiec/Nuvio-Xiec/build/ios-device/Build/Products/Debug-iphoneos/Nuvio.app/Frameworks
note: Injecting stub binary into codeless framework (in target 'iosApp' from project 'iosApp')
    /Applications/Xcode_16.4.app/Contents/Developer/Toolchains/XcodeDefault.xctoolchain/usr/bin/clang -isysroot /Applications/Xcode_16.4.app/Contents/Developer/Platforms/iPhoneOS.platform/Developer/SDKs/iPhoneOS18.5.sdk -x c -c /dev/null -target arm64-apple-ios100.0 -o /private/var/folders/nj/vtw8zd2j31d1gdrtntc5y4600000gn/T/swbuild.tmp.Y4E5SJjK/Data.noindex/arm64-apple.o
    /Applications/Xcode_16.4.app/Contents/Developer/Toolchains/XcodeDefault.xctoolchain/usr/bin/clang -isysroot /Applications/Xcode_16.4.app/Contents/Developer/Platforms/iPhoneOS.platform/Developer/SDKs/iPhoneOS18.5.sdk -dynamiclib -Xlinker -adhoc_codesign -target arm64-apple-ios100.0 -o /private/var/folders/nj/vtw8zd2j31d1gdrtntc5y4600000gn/T/swbuild.tmp.Y4E5SJjK/Data.noindex/arm64-apple /private/var/folders/nj/vtw8zd2j31d1gdrtntc5y4600000gn/T/swbuild.tmp.Y4E5SJjK/Data.noindex/arm64-apple.o
    /Applications/Xcode_16.4.app/Contents/Developer/Toolchains/XcodeDefault.xctoolchain/usr/bin/lipo -create -output /Users/runner/work/Nuvio-Xiec/Nuvio-Xiec/build/ios-device/Build/Products/Debug-iphoneos/Nuvio.app/Frameworks/Libunibreak.framework/Libunibreak /private/var/folders/nj/vtw8zd2j31d1gdrtntc5y4600000gn/T/swbuild.tmp.Y4E5SJjK/Data.noindex/arm64-apple

Copy /Users/runner/work/Nuvio-Xiec/Nuvio-Xiec/build/ios-device/Build/Products/Debug-iphoneos/Nuvio.app/Frameworks/Libuchardet.framework /Users/runner/work/Nuvio-Xiec/Nuvio-Xiec/build/ios-device/SourcePackages/artifacts/mpvkit/Libuchardet/Libuchardet.xcframework/ios-arm64/Libuchardet.framework (in target 'iosApp' from project 'iosApp')
    cd /Users/runner/work/Nuvio-Xiec/Nuvio-Xiec/iosApp
    builtin-copy -exclude .DS_Store -exclude CVS -exclude .svn -exclude .git -exclude .hg -exclude Headers -exclude PrivateHeaders -exclude Modules -exclude \*.tbd -bitcode-strip all -bitcode-strip-tool /Applications/Xcode_16.4.app/Contents/Developer/Toolchains/XcodeDefault.xctoolchain/usr/bin/bitcode_strip -resolve-src-symlinks -remove-static-executable /Users/runner/work/Nuvio-Xiec/Nuvio-Xiec/build/ios-device/SourcePackages/artifacts/mpvkit/Libuchardet/Libuchardet.xcframework/ios-arm64/Libuchardet.framework /Users/runner/work/Nuvio-Xiec/Nuvio-Xiec/build/ios-device/Build/Products/Debug-iphoneos/Nuvio.app/Frameworks
note: Injecting stub binary into codeless framework (in target 'iosApp' from project 'iosApp')
    /Applications/Xcode_16.4.app/Contents/Developer/Toolchains/XcodeDefault.xctoolchain/usr/bin/clang -isysroot /Applications/Xcode_16.4.app/Contents/Developer/Platforms/iPhoneOS.platform/Developer/SDKs/iPhoneOS18.5.sdk -x c -c /dev/null -target arm64-apple-ios100.0 -o /private/var/folders/nj/vtw8zd2j31d1gdrtntc5y4600000gn/T/swbuild.tmp.Ef6qwFdV/Data.noindex/arm64-apple.o
    /Applications/Xcode_16.4.app/Contents/Developer/Toolchains/XcodeDefault.xctoolchain/usr/bin/clang -isysroot /Applications/Xcode_16.4.app/Contents/Developer/Platforms/iPhoneOS.platform/Developer/SDKs/iPhoneOS18.5.sdk -dynamiclib -Xlinker -adhoc_codesign -target arm64-apple-ios100.0 -o /private/var/folders/nj/vtw8zd2j31d1gdrtntc5y4600000gn/T/swbuild.tmp.Ef6qwFdV/Data.noindex/arm64-apple /private/var/folders/nj/vtw8zd2j31d1gdrtntc5y4600000gn/T/swbuild.tmp.Ef6qwFdV/Data.noindex/arm64-apple.o
    /Applications/Xcode_16.4.app/Contents/Developer/Toolchains/XcodeDefault.xctoolchain/usr/bin/lipo -create -output /Users/runner/work/Nuvio-Xiec/Nuvio-Xiec/build/ios-device/Build/Products/Debug-iphoneos/Nuvio.app/Frameworks/Libuchardet.framework/Libuchardet /private/var/folders/nj/vtw8zd2j31d1gdrtntc5y4600000gn/T/swbuild.tmp.Ef6qwFdV/Data.noindex/arm64-apple

Copy /Users/runner/work/Nuvio-Xiec/Nuvio-Xiec/build/ios-device/Build/Products/Debug-iphoneos/Nuvio.app/Frameworks/Libuavs3d.framework /Users/runner/work/Nuvio-Xiec/Nuvio-Xiec/build/ios-device/SourcePackages/artifacts/mpvkit/Libuavs3d/Libuavs3d.xcframework/ios-arm64/Libuavs3d.framework (in target 'iosApp' from project 'iosApp')
    cd /Users/runner/work/Nuvio-Xiec/Nuvio-Xiec/iosApp
    builtin-copy -exclude .DS_Store -exclude CVS -exclude .svn -exclude .git -exclude .hg -exclude Headers -exclude PrivateHeaders -exclude Modules -exclude \*.tbd -bitcode-strip all -bitcode-strip-tool /Applications/Xcode_16.4.app/Contents/Developer/Toolchains/XcodeDefault.xctoolchain/usr/bin/bitcode_strip -resolve-src-symlinks -remove-static-executable /Users/runner/work/Nuvio-Xiec/Nuvio-Xiec/build/ios-device/SourcePackages/artifacts/mpvkit/Libuavs3d/Libuavs3d.xcframework/ios-arm64/Libuavs3d.framework /Users/runner/work/Nuvio-Xiec/Nuvio-Xiec/build/ios-device/Build/Products/Debug-iphoneos/Nuvio.app/Frameworks
note: Injecting stub binary into codeless framework (in target 'iosApp' from project 'iosApp')
    /Applications/Xcode_16.4.app/Contents/Developer/Toolchains/XcodeDefault.xctoolchain/usr/bin/clang -isysroot /Applications/Xcode_16.4.app/Contents/Developer/Platforms/iPhoneOS.platform/Developer/SDKs/iPhoneOS18.5.sdk -x c -c /dev/null -target arm64-apple-ios100.0 -o /private/var/folders/nj/vtw8zd2j31d1gdrtntc5y4600000gn/T/swbuild.tmp.IO8kTRun/Data.noindex/arm64-apple.o
    /Applications/Xcode_16.4.app/Contents/Developer/Toolchains/XcodeDefault.xctoolchain/usr/bin/clang -isysroot /Applications/Xcode_16.4.app/Contents/Developer/Platforms/iPhoneOS.platform/Developer/SDKs/iPhoneOS18.5.sdk -dynamiclib -Xlinker -adhoc_codesign -target arm64-apple-ios100.0 -o /private/var/folders/nj/vtw8zd2j31d1gdrtntc5y4600000gn/T/swbuild.tmp.IO8kTRun/Data.noindex/arm64-apple /private/var/folders/nj/vtw8zd2j31d1gdrtntc5y4600000gn/T/swbuild.tmp.IO8kTRun/Data.noindex/arm64-apple.o
    /Applications/Xcode_16.4.app/Contents/Developer/Toolchains/XcodeDefault.xctoolchain/usr/bin/lipo -create -output /Users/runner/work/Nuvio-Xiec/Nuvio-Xiec/build/ios-device/Build/Products/Debug-iphoneos/Nuvio.app/Frameworks/Libuavs3d.framework/Libuavs3d /private/var/folders/nj/vtw8zd2j31d1gdrtntc5y4600000gn/T/swbuild.tmp.IO8kTRun/Data.noindex/arm64-apple

Copy /Users/runner/work/Nuvio-Xiec/Nuvio-Xiec/build/ios-device/Build/Products/Debug-iphoneos/Nuvio.app/Frameworks/Libswscale.framework /Users/runner/work/Nuvio-Xiec/Nuvio-Xiec/build/ios-device/SourcePackages/artifacts/mpvkit/Libswscale/Libswscale.xcframework/ios-arm64/Libswscale.framework (in target 'iosApp' from project 'iosApp')
    cd /Users/runner/work/Nuvio-Xiec/Nuvio-Xiec/iosApp
    builtin-copy -exclude .DS_Store -exclude CVS -exclude .svn -exclude .git -exclude .hg -exclude Headers -exclude PrivateHeaders -exclude Modules -exclude \*.tbd -bitcode-strip all -bitcode-strip-tool /Applications/Xcode_16.4.app/Contents/Developer/Toolchains/XcodeDefault.xctoolchain/usr/bin/bitcode_strip -resolve-src-symlinks -remove-static-executable /Users/runner/work/Nuvio-Xiec/Nuvio-Xiec/build/ios-device/SourcePackages/artifacts/mpvkit/Libswscale/Libswscale.xcframework/ios-arm64/Libswscale.framework /Users/runner/work/Nuvio-Xiec/Nuvio-Xiec/build/ios-device/Build/Products/Debug-iphoneos/Nuvio.app/Frameworks
note: Injecting stub binary into codeless framework (in target 'iosApp' from project 'iosApp')
    /Applications/Xcode_16.4.app/Contents/Developer/Toolchains/XcodeDefault.xctoolchain/usr/bin/clang -isysroot /Applications/Xcode_16.4.app/Contents/Developer/Platforms/iPhoneOS.platform/Developer/SDKs/iPhoneOS18.5.sdk -x c -c /dev/null -target arm64-apple-ios100.0 -o /private/var/folders/nj/vtw8zd2j31d1gdrtntc5y4600000gn/T/swbuild.tmp.7tjSckb5/Data.noindex/arm64-apple.o
    /Applications/Xcode_16.4.app/Contents/Developer/Toolchains/XcodeDefault.xctoolchain/usr/bin/clang -isysroot /Applications/Xcode_16.4.app/Contents/Developer/Platforms/iPhoneOS.platform/Developer/SDKs/iPhoneOS18.5.sdk -dynamiclib -Xlinker -adhoc_codesign -target arm64-apple-ios100.0 -o /private/var/folders/nj/vtw8zd2j31d1gdrtntc5y4600000gn/T/swbuild.tmp.7tjSckb5/Data.noindex/arm64-apple /private/var/folders/nj/vtw8zd2j31d1gdrtntc5y4600000gn/T/swbuild.tmp.7tjSckb5/Data.noindex/arm64-apple.o
    /Applications/Xcode_16.4.app/Contents/Developer/Toolchains/XcodeDefault.xctoolchain/usr/bin/lipo -create -output /Users/runner/work/Nuvio-Xiec/Nuvio-Xiec/build/ios-device/Build/Products/Debug-iphoneos/Nuvio.app/Frameworks/Libswscale.framework/Libswscale /private/var/folders/nj/vtw8zd2j31d1gdrtntc5y4600000gn/T/swbuild.tmp.7tjSckb5/Data.noindex/arm64-apple

Copy /Users/runner/work/Nuvio-Xiec/Nuvio-Xiec/build/ios-device/Build/Products/Debug-iphoneos/Nuvio.app/Frameworks/Libswresample.framework /Users/runner/work/Nuvio-Xiec/Nuvio-Xiec/build/ios-device/SourcePackages/artifacts/mpvkit/Libswresample/Libswresample.xcframework/ios-arm64/Libswresample.framework (in target 'iosApp' from project 'iosApp')
    cd /Users/runner/work/Nuvio-Xiec/Nuvio-Xiec/iosApp
    builtin-copy -exclude .DS_Store -exclude CVS -exclude .svn -exclude .git -exclude .hg -exclude Headers -exclude PrivateHeaders -exclude Modules -exclude \*.tbd -bitcode-strip all -bitcode-strip-tool /Applications/Xcode_16.4.app/Contents/Developer/Toolchains/XcodeDefault.xctoolchain/usr/bin/bitcode_strip -resolve-src-symlinks -remove-static-executable /Users/runner/work/Nuvio-Xiec/Nuvio-Xiec/build/ios-device/SourcePackages/artifacts/mpvkit/Libswresample/Libswresample.xcframework/ios-arm64/Libswresample.framework /Users/runner/work/Nuvio-Xiec/Nuvio-Xiec/build/ios-device/Build/Products/Debug-iphoneos/Nuvio.app/Frameworks
note: Injecting stub binary into codeless framework (in target 'iosApp' from project 'iosApp')
    /Applications/Xcode_16.4.app/Contents/Developer/Toolchains/XcodeDefault.xctoolchain/usr/bin/clang -isysroot /Applications/Xcode_16.4.app/Contents/Developer/Platforms/iPhoneOS.platform/Developer/SDKs/iPhoneOS18.5.sdk -x c -c /dev/null -target arm64-apple-ios100.0 -o /private/var/folders/nj/vtw8zd2j31d1gdrtntc5y4600000gn/T/swbuild.tmp.PE5sgD0x/Data.noindex/arm64-apple.o
    /Applications/Xcode_16.4.app/Contents/Developer/Toolchains/XcodeDefault.xctoolchain/usr/bin/clang -isysroot /Applications/Xcode_16.4.app/Contents/Developer/Platforms/iPhoneOS.platform/Developer/SDKs/iPhoneOS18.5.sdk -dynamiclib -Xlinker -adhoc_codesign -target arm64-apple-ios100.0 -o /private/var/folders/nj/vtw8zd2j31d1gdrtntc5y4600000gn/T/swbuild.tmp.PE5sgD0x/Data.noindex/arm64-apple /private/var/folders/nj/vtw8zd2j31d1gdrtntc5y4600000gn/T/swbuild.tmp.PE5sgD0x/Data.noindex/arm64-apple.o
    /Applications/Xcode_16.4.app/Contents/Developer/Toolchains/XcodeDefault.xctoolchain/usr/bin/lipo -create -output /Users/runner/work/Nuvio-Xiec/Nuvio-Xiec/build/ios-device/Build/Products/Debug-iphoneos/Nuvio.app/Frameworks/Libswresample.framework/Libswresample /private/var/folders/nj/vtw8zd2j31d1gdrtntc5y4600000gn/T/swbuild.tmp.PE5sgD0x/Data.noindex/arm64-apple

Copy /Users/runner/work/Nuvio-Xiec/Nuvio-Xiec/build/ios-device/Build/Products/Debug-iphoneos/Nuvio.app/Frameworks/Libssl.framework /Users/runner/work/Nuvio-Xiec/Nuvio-Xiec/build/ios-device/SourcePackages/artifacts/mpvkit/Libssl/Libssl.xcframework/ios-arm64/Libssl.framework (in target 'iosApp' from project 'iosApp')
    cd /Users/runner/work/Nuvio-Xiec/Nuvio-Xiec/iosApp
    builtin-copy -exclude .DS_Store -exclude CVS -exclude .svn -exclude .git -exclude .hg -exclude Headers -exclude PrivateHeaders -exclude Modules -exclude \*.tbd -bitcode-strip all -bitcode-strip-tool /Applications/Xcode_16.4.app/Contents/Developer/Toolchains/XcodeDefault.xctoolchain/usr/bin/bitcode_strip -resolve-src-symlinks -remove-static-executable /Users/runner/work/Nuvio-Xiec/Nuvio-Xiec/build/ios-device/SourcePackages/artifacts/mpvkit/Libssl/Libssl.xcframework/ios-arm64/Libssl.framework /Users/runner/work/Nuvio-Xiec/Nuvio-Xiec/build/ios-device/Build/Products/Debug-iphoneos/Nuvio.app/Frameworks
note: Injecting stub binary into codeless framework (in target 'iosApp' from project 'iosApp')
    /Applications/Xcode_16.4.app/Contents/Developer/Toolchains/XcodeDefault.xctoolchain/usr/bin/clang -isysroot /Applications/Xcode_16.4.app/Contents/Developer/Platforms/iPhoneOS.platform/Developer/SDKs/iPhoneOS18.5.sdk -x c -c /dev/null -target arm64-apple-ios100.0 -o /private/var/folders/nj/vtw8zd2j31d1gdrtntc5y4600000gn/T/swbuild.tmp.GNm7QH9e/Data.noindex/arm64-apple.o
    /Applications/Xcode_16.4.app/Contents/Developer/Toolchains/XcodeDefault.xctoolchain/usr/bin/clang -isysroot /Applications/Xcode_16.4.app/Contents/Developer/Platforms/iPhoneOS.platform/Developer/SDKs/iPhoneOS18.5.sdk -dynamiclib -Xlinker -adhoc_codesign -target arm64-apple-ios100.0 -o /private/var/folders/nj/vtw8zd2j31d1gdrtntc5y4600000gn/T/swbuild.tmp.GNm7QH9e/Data.noindex/arm64-apple /private/var/folders/nj/vtw8zd2j31d1gdrtntc5y4600000gn/T/swbuild.tmp.GNm7QH9e/Data.noindex/arm64-apple.o
    /Applications/Xcode_16.4.app/Contents/Developer/Toolchains/XcodeDefault.xctoolchain/usr/bin/lipo -create -output /Users/runner/work/Nuvio-Xiec/Nuvio-Xiec/build/ios-device/Build/Products/Debug-iphoneos/Nuvio.app/Frameworks/Libssl.framework/Libssl /private/var/folders/nj/vtw8zd2j31d1gdrtntc5y4600000gn/T/swbuild.tmp.GNm7QH9e/Data.noindex/arm64-apple

Copy /Users/runner/work/Nuvio-Xiec/Nuvio-Xiec/build/ios-device/Build/Products/Debug-iphoneos/Nuvio.app/Frameworks/Libshaderc_combined.framework /Users/runner/work/Nuvio-Xiec/Nuvio-Xiec/build/ios-device/SourcePackages/artifacts/mpvkit/Libshaderc_combined/Libshaderc_combined.xcframework/ios-arm64/Libshaderc_combined.framework (in target 'iosApp' from project 'iosApp')
    cd /Users/runner/work/Nuvio-Xiec/Nuvio-Xiec/iosApp
    builtin-copy -exclude .DS_Store -exclude CVS -exclude .svn -exclude .git -exclude .hg -exclude Headers -exclude PrivateHeaders -exclude Modules -exclude \*.tbd -bitcode-strip all -bitcode-strip-tool /Applications/Xcode_16.4.app/Contents/Developer/Toolchains/XcodeDefault.xctoolchain/usr/bin/bitcode_strip -resolve-src-symlinks -remove-static-executable /Users/runner/work/Nuvio-Xiec/Nuvio-Xiec/build/ios-device/SourcePackages/artifacts/mpvkit/Libshaderc_combined/Libshaderc_combined.xcframework/ios-arm64/Libshaderc_combined.framework /Users/runner/work/Nuvio-Xiec/Nuvio-Xiec/build/ios-device/Build/Products/Debug-iphoneos/Nuvio.app/Frameworks
note: Injecting stub binary into codeless framework (in target 'iosApp' from project 'iosApp')
    /Applications/Xcode_16.4.app/Contents/Developer/Toolchains/XcodeDefault.xctoolchain/usr/bin/clang -isysroot /Applications/Xcode_16.4.app/Contents/Developer/Platforms/iPhoneOS.platform/Developer/SDKs/iPhoneOS18.5.sdk -x c -c /dev/null -target arm64-apple-ios100.0 -o /private/var/folders/nj/vtw8zd2j31d1gdrtntc5y4600000gn/T/swbuild.tmp.TUyr6Tb2/Data.noindex/arm64-apple.o
    /Applications/Xcode_16.4.app/Contents/Developer/Toolchains/XcodeDefault.xctoolchain/usr/bin/clang -isysroot /Applications/Xcode_16.4.app/Contents/Developer/Platforms/iPhoneOS.platform/Developer/SDKs/iPhoneOS18.5.sdk -dynamiclib -Xlinker -adhoc_codesign -target arm64-apple-ios100.0 -o /private/var/folders/nj/vtw8zd2j31d1gdrtntc5y4600000gn/T/swbuild.tmp.TUyr6Tb2/Data.noindex/arm64-apple /private/var/folders/nj/vtw8zd2j31d1gdrtntc5y4600000gn/T/swbuild.tmp.TUyr6Tb2/Data.noindex/arm64-apple.o
    /Applications/Xcode_16.4.app/Contents/Developer/Toolchains/XcodeDefault.xctoolchain/usr/bin/lipo -create -output /Users/runner/work/Nuvio-Xiec/Nuvio-Xiec/build/ios-device/Build/Products/Debug-iphoneos/Nuvio.app/Frameworks/Libshaderc_combined.framework/Libshaderc_combined /private/var/folders/nj/vtw8zd2j31d1gdrtntc5y4600000gn/T/swbuild.tmp.TUyr6Tb2/Data.noindex/arm64-apple

Copy /Users/runner/work/Nuvio-Xiec/Nuvio-Xiec/build/ios-device/Build/Products/Debug-iphoneos/Nuvio.app/Frameworks/Libplacebo.framework /Users/runner/work/Nuvio-Xiec/Nuvio-Xiec/build/ios-device/SourcePackages/artifacts/mpvkit/Libplacebo/Libplacebo.xcframework/ios-arm64/Libplacebo.framework (in target 'iosApp' from project 'iosApp')
    cd /Users/runner/work/Nuvio-Xiec/Nuvio-Xiec/iosApp
    builtin-copy -exclude .DS_Store -exclude CVS -exclude .svn -exclude .git -exclude .hg -exclude Headers -exclude PrivateHeaders -exclude Modules -exclude \*.tbd -bitcode-strip all -bitcode-strip-tool /Applications/Xcode_16.4.app/Contents/Developer/Toolchains/XcodeDefault.xctoolchain/usr/bin/bitcode_strip -resolve-src-symlinks -remove-static-executable /Users/runner/work/Nuvio-Xiec/Nuvio-Xiec/build/ios-device/SourcePackages/artifacts/mpvkit/Libplacebo/Libplacebo.xcframework/ios-arm64/Libplacebo.framework /Users/runner/work/Nuvio-Xiec/Nuvio-Xiec/build/ios-device/Build/Products/Debug-iphoneos/Nuvio.app/Frameworks
note: Injecting stub binary into codeless framework (in target 'iosApp' from project 'iosApp')
    /Applications/Xcode_16.4.app/Contents/Developer/Toolchains/XcodeDefault.xctoolchain/usr/bin/clang -isysroot /Applications/Xcode_16.4.app/Contents/Developer/Platforms/iPhoneOS.platform/Developer/SDKs/iPhoneOS18.5.sdk -x c -c /dev/null -target arm64-apple-ios100.0 -o /private/var/folders/nj/vtw8zd2j31d1gdrtntc5y4600000gn/T/swbuild.tmp.iJOJ86J7/Data.noindex/arm64-apple.o
    /Applications/Xcode_16.4.app/Contents/Developer/Toolchains/XcodeDefault.xctoolchain/usr/bin/clang -isysroot /Applications/Xcode_16.4.app/Contents/Developer/Platforms/iPhoneOS.platform/Developer/SDKs/iPhoneOS18.5.sdk -dynamiclib -Xlinker -adhoc_codesign -target arm64-apple-ios100.0 -o /private/var/folders/nj/vtw8zd2j31d1gdrtntc5y4600000gn/T/swbuild.tmp.iJOJ86J7/Data.noindex/arm64-apple /private/var/folders/nj/vtw8zd2j31d1gdrtntc5y4600000gn/T/swbuild.tmp.iJOJ86J7/Data.noindex/arm64-apple.o
    /Applications/Xcode_16.4.app/Contents/Developer/Toolchains/XcodeDefault.xctoolchain/usr/bin/lipo -create -output /Users/runner/work/Nuvio-Xiec/Nuvio-Xiec/build/ios-device/Build/Products/Debug-iphoneos/Nuvio.app/Frameworks/Libplacebo.framework/Libplacebo /private/var/folders/nj/vtw8zd2j31d1gdrtntc5y4600000gn/T/swbuild.tmp.iJOJ86J7/Data.noindex/arm64-apple

Copy /Users/runner/work/Nuvio-Xiec/Nuvio-Xiec/build/ios-device/Build/Products/Debug-iphoneos/Nuvio.app/Frameworks/Libmpv.framework /Users/runner/work/Nuvio-Xiec/Nuvio-Xiec/build/ios-device/SourcePackages/artifacts/mpvkit/Libmpv/Libmpv.xcframework/ios-arm64/Libmpv.framework (in target 'iosApp' from project 'iosApp')
    cd /Users/runner/work/Nuvio-Xiec/Nuvio-Xiec/iosApp
    builtin-copy -exclude .DS_Store -exclude CVS -exclude .svn -exclude .git -exclude .hg -exclude Headers -exclude PrivateHeaders -exclude Modules -exclude \*.tbd -bitcode-strip all -bitcode-strip-tool /Applications/Xcode_16.4.app/Contents/Developer/Toolchains/XcodeDefault.xctoolchain/usr/bin/bitcode_strip -resolve-src-symlinks -remove-static-executable /Users/runner/work/Nuvio-Xiec/Nuvio-Xiec/build/ios-device/SourcePackages/artifacts/mpvkit/Libmpv/Libmpv.xcframework/ios-arm64/Libmpv.framework /Users/runner/work/Nuvio-Xiec/Nuvio-Xiec/build/ios-device/Build/Products/Debug-iphoneos/Nuvio.app/Frameworks
note: Injecting stub binary into codeless framework (in target 'iosApp' from project 'iosApp')
    /Applications/Xcode_16.4.app/Contents/Developer/Toolchains/XcodeDefault.xctoolchain/usr/bin/clang -isysroot /Applications/Xcode_16.4.app/Contents/Developer/Platforms/iPhoneOS.platform/Developer/SDKs/iPhoneOS18.5.sdk -x c -c /dev/null -target arm64-apple-ios100.0 -o /private/var/folders/nj/vtw8zd2j31d1gdrtntc5y4600000gn/T/swbuild.tmp.BjgNk3xK/Data.noindex/arm64-apple.o
    /Applications/Xcode_16.4.app/Contents/Developer/Toolchains/XcodeDefault.xctoolchain/usr/bin/clang -isysroot /Applications/Xcode_16.4.app/Contents/Developer/Platforms/iPhoneOS.platform/Developer/SDKs/iPhoneOS18.5.sdk -dynamiclib -Xlinker -adhoc_codesign -target arm64-apple-ios100.0 -o /private/var/folders/nj/vtw8zd2j31d1gdrtntc5y4600000gn/T/swbuild.tmp.BjgNk3xK/Data.noindex/arm64-apple /private/var/folders/nj/vtw8zd2j31d1gdrtntc5y4600000gn/T/swbuild.tmp.BjgNk3xK/Data.noindex/arm64-apple.o
    /Applications/Xcode_16.4.app/Contents/Developer/Toolchains/XcodeDefault.xctoolchain/usr/bin/lipo -create -output /Users/runner/work/Nuvio-Xiec/Nuvio-Xiec/build/ios-device/Build/Products/Debug-iphoneos/Nuvio.app/Frameworks/Libmpv.framework/Libmpv /private/var/folders/nj/vtw8zd2j31d1gdrtntc5y4600000gn/T/swbuild.tmp.BjgNk3xK/Data.noindex/arm64-apple

Copy /Users/runner/work/Nuvio-Xiec/Nuvio-Xiec/build/ios-device/Build/Products/Debug-iphoneos/Nuvio.app/Frameworks/Libharfbuzz.framework /Users/runner/work/Nuvio-Xiec/Nuvio-Xiec/build/ios-device/SourcePackages/artifacts/mpvkit/Libharfbuzz/Libharfbuzz.xcframework/ios-arm64/Libharfbuzz.framework (in target 'iosApp' from project 'iosApp')
    cd /Users/runner/work/Nuvio-Xiec/Nuvio-Xiec/iosApp
    builtin-copy -exclude .DS_Store -exclude CVS -exclude .svn -exclude .git -exclude .hg -exclude Headers -exclude PrivateHeaders -exclude Modules -exclude \*.tbd -bitcode-strip all -bitcode-strip-tool /Applications/Xcode_16.4.app/Contents/Developer/Toolchains/XcodeDefault.xctoolchain/usr/bin/bitcode_strip -resolve-src-symlinks -remove-static-executable /Users/runner/work/Nuvio-Xiec/Nuvio-Xiec/build/ios-device/SourcePackages/artifacts/mpvkit/Libharfbuzz/Libharfbuzz.xcframework/ios-arm64/Libharfbuzz.framework /Users/runner/work/Nuvio-Xiec/Nuvio-Xiec/build/ios-device/Build/Products/Debug-iphoneos/Nuvio.app/Frameworks
note: Injecting stub binary into codeless framework (in target 'iosApp' from project 'iosApp')
    /Applications/Xcode_16.4.app/Contents/Developer/Toolchains/XcodeDefault.xctoolchain/usr/bin/clang -isysroot /Applications/Xcode_16.4.app/Contents/Developer/Platforms/iPhoneOS.platform/Developer/SDKs/iPhoneOS18.5.sdk -x c -c /dev/null -target arm64-apple-ios100.0 -o /private/var/folders/nj/vtw8zd2j31d1gdrtntc5y4600000gn/T/swbuild.tmp.zKvDAZi7/Data.noindex/arm64-apple.o
    /Applications/Xcode_16.4.app/Contents/Developer/Toolchains/XcodeDefault.xctoolchain/usr/bin/clang -isysroot /Applications/Xcode_16.4.app/Contents/Developer/Platforms/iPhoneOS.platform/Developer/SDKs/iPhoneOS18.5.sdk -dynamiclib -Xlinker -adhoc_codesign -target arm64-apple-ios100.0 -o /private/var/folders/nj/vtw8zd2j31d1gdrtntc5y4600000gn/T/swbuild.tmp.zKvDAZi7/Data.noindex/arm64-apple /private/var/folders/nj/vtw8zd2j31d1gdrtntc5y4600000gn/T/swbuild.tmp.zKvDAZi7/Data.noindex/arm64-apple.o
    /Applications/Xcode_16.4.app/Contents/Developer/Toolchains/XcodeDefault.xctoolchain/usr/bin/lipo -create -output /Users/runner/work/Nuvio-Xiec/Nuvio-Xiec/build/ios-device/Build/Products/Debug-iphoneos/Nuvio.app/Frameworks/Libharfbuzz.framework/Libharfbuzz /private/var/folders/nj/vtw8zd2j31d1gdrtntc5y4600000gn/T/swbuild.tmp.zKvDAZi7/Data.noindex/arm64-apple

Copy /Users/runner/work/Nuvio-Xiec/Nuvio-Xiec/build/ios-device/Build/Products/Debug-iphoneos/Nuvio.app/Frameworks/Libfribidi.framework /Users/runner/work/Nuvio-Xiec/Nuvio-Xiec/build/ios-device/SourcePackages/artifacts/mpvkit/Libfribidi/Libfribidi.xcframework/ios-arm64/Libfribidi.framework (in target 'iosApp' from project 'iosApp')
    cd /Users/runner/work/Nuvio-Xiec/Nuvio-Xiec/iosApp
    builtin-copy -exclude .DS_Store -exclude CVS -exclude .svn -exclude .git -exclude .hg -exclude Headers -exclude PrivateHeaders -exclude Modules -exclude \*.tbd -bitcode-strip all -bitcode-strip-tool /Applications/Xcode_16.4.app/Contents/Developer/Toolchains/XcodeDefault.xctoolchain/usr/bin/bitcode_strip -resolve-src-symlinks -remove-static-executable /Users/runner/work/Nuvio-Xiec/Nuvio-Xiec/build/ios-device/SourcePackages/artifacts/mpvkit/Libfribidi/Libfribidi.xcframework/ios-arm64/Libfribidi.framework /Users/runner/work/Nuvio-Xiec/Nuvio-Xiec/build/ios-device/Build/Products/Debug-iphoneos/Nuvio.app/Frameworks
note: Injecting stub binary into codeless framework (in target 'iosApp' from project 'iosApp')
    /Applications/Xcode_16.4.app/Contents/Developer/Toolchains/XcodeDefault.xctoolchain/usr/bin/clang -isysroot /Applications/Xcode_16.4.app/Contents/Developer/Platforms/iPhoneOS.platform/Developer/SDKs/iPhoneOS18.5.sdk -x c -c /dev/null -target arm64-apple-ios100.0 -o /private/var/folders/nj/vtw8zd2j31d1gdrtntc5y4600000gn/T/swbuild.tmp.QpsD5O0I/Data.noindex/arm64-apple.o
    /Applications/Xcode_16.4.app/Contents/Developer/Toolchains/XcodeDefault.xctoolchain/usr/bin/clang -isysroot /Applications/Xcode_16.4.app/Contents/Developer/Platforms/iPhoneOS.platform/Developer/SDKs/iPhoneOS18.5.sdk -dynamiclib -Xlinker -adhoc_codesign -target arm64-apple-ios100.0 -o /private/var/folders/nj/vtw8zd2j31d1gdrtntc5y4600000gn/T/swbuild.tmp.QpsD5O0I/Data.noindex/arm64-apple /private/var/folders/nj/vtw8zd2j31d1gdrtntc5y4600000gn/T/swbuild.tmp.QpsD5O0I/Data.noindex/arm64-apple.o
    /Applications/Xcode_16.4.app/Contents/Developer/Toolchains/XcodeDefault.xctoolchain/usr/bin/lipo -create -output /Users/runner/work/Nuvio-Xiec/Nuvio-Xiec/build/ios-device/Build/Products/Debug-iphoneos/Nuvio.app/Frameworks/Libfribidi.framework/Libfribidi /private/var/folders/nj/vtw8zd2j31d1gdrtntc5y4600000gn/T/swbuild.tmp.QpsD5O0I/Data.noindex/arm64-apple

Copy /Users/runner/work/Nuvio-Xiec/Nuvio-Xiec/build/ios-device/Build/Products/Debug-iphoneos/Nuvio.app/Frameworks/Libfreetype.framework /Users/runner/work/Nuvio-Xiec/Nuvio-Xiec/build/ios-device/SourcePackages/artifacts/mpvkit/Libfreetype/Libfreetype.xcframework/ios-arm64/Libfreetype.framework (in target 'iosApp' from project 'iosApp')
    cd /Users/runner/work/Nuvio-Xiec/Nuvio-Xiec/iosApp
    builtin-copy -exclude .DS_Store -exclude CVS -exclude .svn -exclude .git -exclude .hg -exclude Headers -exclude PrivateHeaders -exclude Modules -exclude \*.tbd -bitcode-strip all -bitcode-strip-tool /Applications/Xcode_16.4.app/Contents/Developer/Toolchains/XcodeDefault.xctoolchain/usr/bin/bitcode_strip -resolve-src-symlinks -remove-static-executable /Users/runner/work/Nuvio-Xiec/Nuvio-Xiec/build/ios-device/SourcePackages/artifacts/mpvkit/Libfreetype/Libfreetype.xcframework/ios-arm64/Libfreetype.framework /Users/runner/work/Nuvio-Xiec/Nuvio-Xiec/build/ios-device/Build/Products/Debug-iphoneos/Nuvio.app/Frameworks
note: Injecting stub binary into codeless framework (in target 'iosApp' from project 'iosApp')
    /Applications/Xcode_16.4.app/Contents/Developer/Toolchains/XcodeDefault.xctoolchain/usr/bin/clang -isysroot /Applications/Xcode_16.4.app/Contents/Developer/Platforms/iPhoneOS.platform/Developer/SDKs/iPhoneOS18.5.sdk -x c -c /dev/null -target arm64-apple-ios100.0 -o /private/var/folders/nj/vtw8zd2j31d1gdrtntc5y4600000gn/T/swbuild.tmp.fmHuCqtu/Data.noindex/arm64-apple.o
    /Applications/Xcode_16.4.app/Contents/Developer/Toolchains/XcodeDefault.xctoolchain/usr/bin/clang -isysroot /Applications/Xcode_16.4.app/Contents/Developer/Platforms/iPhoneOS.platform/Developer/SDKs/iPhoneOS18.5.sdk -dynamiclib -Xlinker -adhoc_codesign -target arm64-apple-ios100.0 -o /private/var/folders/nj/vtw8zd2j31d1gdrtntc5y4600000gn/T/swbuild.tmp.fmHuCqtu/Data.noindex/arm64-apple /private/var/folders/nj/vtw8zd2j31d1gdrtntc5y4600000gn/T/swbuild.tmp.fmHuCqtu/Data.noindex/arm64-apple.o
    /Applications/Xcode_16.4.app/Contents/Developer/Toolchains/XcodeDefault.xctoolchain/usr/bin/lipo -create -output /Users/runner/work/Nuvio-Xiec/Nuvio-Xiec/build/ios-device/Build/Products/Debug-iphoneos/Nuvio.app/Frameworks/Libfreetype.framework/Libfreetype /private/var/folders/nj/vtw8zd2j31d1gdrtntc5y4600000gn/T/swbuild.tmp.fmHuCqtu/Data.noindex/arm64-apple

Copy /Users/runner/work/Nuvio-Xiec/Nuvio-Xiec/build/ios-device/Build/Products/Debug-iphoneos/Nuvio.app/Frameworks/Libdovi.framework /Users/runner/work/Nuvio-Xiec/Nuvio-Xiec/build/ios-device/SourcePackages/artifacts/mpvkit/Libdovi/Libdovi.xcframework/ios-arm64/Libdovi.framework (in target 'iosApp' from project 'iosApp')
    cd /Users/runner/work/Nuvio-Xiec/Nuvio-Xiec/iosApp
    builtin-copy -exclude .DS_Store -exclude CVS -exclude .svn -exclude .git -exclude .hg -exclude Headers -exclude PrivateHeaders -exclude Modules -exclude \*.tbd -bitcode-strip all -bitcode-strip-tool /Applications/Xcode_16.4.app/Contents/Developer/Toolchains/XcodeDefault.xctoolchain/usr/bin/bitcode_strip -resolve-src-symlinks -remove-static-executable /Users/runner/work/Nuvio-Xiec/Nuvio-Xiec/build/ios-device/SourcePackages/artifacts/mpvkit/Libdovi/Libdovi.xcframework/ios-arm64/Libdovi.framework /Users/runner/work/Nuvio-Xiec/Nuvio-Xiec/build/ios-device/Build/Products/Debug-iphoneos/Nuvio.app/Frameworks
note: Injecting stub binary into codeless framework (in target 'iosApp' from project 'iosApp')
    /Applications/Xcode_16.4.app/Contents/Developer/Toolchains/XcodeDefault.xctoolchain/usr/bin/clang -isysroot /Applications/Xcode_16.4.app/Contents/Developer/Platforms/iPhoneOS.platform/Developer/SDKs/iPhoneOS18.5.sdk -x c -c /dev/null -target arm64-apple-ios100.0 -o /private/var/folders/nj/vtw8zd2j31d1gdrtntc5y4600000gn/T/swbuild.tmp.ynuPVCvM/Data.noindex/arm64-apple.o
    /Applications/Xcode_16.4.app/Contents/Developer/Toolchains/XcodeDefault.xctoolchain/usr/bin/clang -isysroot /Applications/Xcode_16.4.app/Contents/Developer/Platforms/iPhoneOS.platform/Developer/SDKs/iPhoneOS18.5.sdk -dynamiclib -Xlinker -adhoc_codesign -target arm64-apple-ios100.0 -o /private/var/folders/nj/vtw8zd2j31d1gdrtntc5y4600000gn/T/swbuild.tmp.ynuPVCvM/Data.noindex/arm64-apple /private/var/folders/nj/vtw8zd2j31d1gdrtntc5y4600000gn/T/swbuild.tmp.ynuPVCvM/Data.noindex/arm64-apple.o
    /Applications/Xcode_16.4.app/Contents/Developer/Toolchains/XcodeDefault.xctoolchain/usr/bin/lipo -create -output /Users/runner/work/Nuvio-Xiec/Nuvio-Xiec/build/ios-device/Build/Products/Debug-iphoneos/Nuvio.app/Frameworks/Libdovi.framework/Libdovi /private/var/folders/nj/vtw8zd2j31d1gdrtntc5y4600000gn/T/swbuild.tmp.ynuPVCvM/Data.noindex/arm64-apple

Copy /Users/runner/work/Nuvio-Xiec/Nuvio-Xiec/build/ios-device/Build/Products/Debug-iphoneos/Nuvio.app/Frameworks/Libdav1d.framework /Users/runner/work/Nuvio-Xiec/Nuvio-Xiec/build/ios-device/SourcePackages/artifacts/mpvkit/Libdav1d/Libdav1d.xcframework/ios-arm64/Libdav1d.framework (in target 'iosApp' from project 'iosApp')
    cd /Users/runner/work/Nuvio-Xiec/Nuvio-Xiec/iosApp
    builtin-copy -exclude .DS_Store -exclude CVS -exclude .svn -exclude .git -exclude .hg -exclude Headers -exclude PrivateHeaders -exclude Modules -exclude \*.tbd -bitcode-strip all -bitcode-strip-tool /Applications/Xcode_16.4.app/Contents/Developer/Toolchains/XcodeDefault.xctoolchain/usr/bin/bitcode_strip -resolve-src-symlinks -remove-static-executable /Users/runner/work/Nuvio-Xiec/Nuvio-Xiec/build/ios-device/SourcePackages/artifacts/mpvkit/Libdav1d/Libdav1d.xcframework/ios-arm64/Libdav1d.framework /Users/runner/work/Nuvio-Xiec/Nuvio-Xiec/build/ios-device/Build/Products/Debug-iphoneos/Nuvio.app/Frameworks
note: Injecting stub binary into codeless framework (in target 'iosApp' from project 'iosApp')
    /Applications/Xcode_16.4.app/Contents/Developer/Toolchains/XcodeDefault.xctoolchain/usr/bin/clang -isysroot /Applications/Xcode_16.4.app/Contents/Developer/Platforms/iPhoneOS.platform/Developer/SDKs/iPhoneOS18.5.sdk -x c -c /dev/null -target arm64-apple-ios100.0 -o /private/var/folders/nj/vtw8zd2j31d1gdrtntc5y4600000gn/T/swbuild.tmp.Zmbus865/Data.noindex/arm64-apple.o
    /Applications/Xcode_16.4.app/Contents/Developer/Toolchains/XcodeDefault.xctoolchain/usr/bin/clang -isysroot /Applications/Xcode_16.4.app/Contents/Developer/Platforms/iPhoneOS.platform/Developer/SDKs/iPhoneOS18.5.sdk -dynamiclib -Xlinker -adhoc_codesign -target arm64-apple-ios100.0 -o /private/var/folders/nj/vtw8zd2j31d1gdrtntc5y4600000gn/T/swbuild.tmp.Zmbus865/Data.noindex/arm64-apple /private/var/folders/nj/vtw8zd2j31d1gdrtntc5y4600000gn/T/swbuild.tmp.Zmbus865/Data.noindex/arm64-apple.o
    /Applications/Xcode_16.4.app/Contents/Developer/Toolchains/XcodeDefault.xctoolchain/usr/bin/lipo -create -output /Users/runner/work/Nuvio-Xiec/Nuvio-Xiec/build/ios-device/Build/Products/Debug-iphoneos/Nuvio.app/Frameworks/Libdav1d.framework/Libdav1d /private/var/folders/nj/vtw8zd2j31d1gdrtntc5y4600000gn/T/swbuild.tmp.Zmbus865/Data.noindex/arm64-apple

Copy /Users/runner/work/Nuvio-Xiec/Nuvio-Xiec/build/ios-device/Build/Products/Debug-iphoneos/Nuvio.app/Frameworks/Libcrypto.framework /Users/runner/work/Nuvio-Xiec/Nuvio-Xiec/build/ios-device/SourcePackages/artifacts/mpvkit/Libcrypto/Libcrypto.xcframework/ios-arm64/Libcrypto.framework (in target 'iosApp' from project 'iosApp')
    cd /Users/runner/work/Nuvio-Xiec/Nuvio-Xiec/iosApp
    builtin-copy -exclude .DS_Store -exclude CVS -exclude .svn -exclude .git -exclude .hg -exclude Headers -exclude PrivateHeaders -exclude Modules -exclude \*.tbd -bitcode-strip all -bitcode-strip-tool /Applications/Xcode_16.4.app/Contents/Developer/Toolchains/XcodeDefault.xctoolchain/usr/bin/bitcode_strip -resolve-src-symlinks -remove-static-executable /Users/runner/work/Nuvio-Xiec/Nuvio-Xiec/build/ios-device/SourcePackages/artifacts/mpvkit/Libcrypto/Libcrypto.xcframework/ios-arm64/Libcrypto.framework /Users/runner/work/Nuvio-Xiec/Nuvio-Xiec/build/ios-device/Build/Products/Debug-iphoneos/Nuvio.app/Frameworks
note: Injecting stub binary into codeless framework (in target 'iosApp' from project 'iosApp')
    /Applications/Xcode_16.4.app/Contents/Developer/Toolchains/XcodeDefault.xctoolchain/usr/bin/clang -isysroot /Applications/Xcode_16.4.app/Contents/Developer/Platforms/iPhoneOS.platform/Developer/SDKs/iPhoneOS18.5.sdk -x c -c /dev/null -target arm64-apple-ios100.0 -o /private/var/folders/nj/vtw8zd2j31d1gdrtntc5y4600000gn/T/swbuild.tmp.2akQIlhE/Data.noindex/arm64-apple.o
    /Applications/Xcode_16.4.app/Contents/Developer/Toolchains/XcodeDefault.xctoolchain/usr/bin/clang -isysroot /Applications/Xcode_16.4.app/Contents/Developer/Platforms/iPhoneOS.platform/Developer/SDKs/iPhoneOS18.5.sdk -dynamiclib -Xlinker -adhoc_codesign -target arm64-apple-ios100.0 -o /private/var/folders/nj/vtw8zd2j31d1gdrtntc5y4600000gn/T/swbuild.tmp.2akQIlhE/Data.noindex/arm64-apple /private/var/folders/nj/vtw8zd2j31d1gdrtntc5y4600000gn/T/swbuild.tmp.2akQIlhE/Data.noindex/arm64-apple.o
    /Applications/Xcode_16.4.app/Contents/Developer/Toolchains/XcodeDefault.xctoolchain/usr/bin/lipo -create -output /Users/runner/work/Nuvio-Xiec/Nuvio-Xiec/build/ios-device/Build/Products/Debug-iphoneos/Nuvio.app/Frameworks/Libcrypto.framework/Libcrypto /private/var/folders/nj/vtw8zd2j31d1gdrtntc5y4600000gn/T/swbuild.tmp.2akQIlhE/Data.noindex/arm64-apple

Copy /Users/runner/work/Nuvio-Xiec/Nuvio-Xiec/build/ios-device/Build/Products/Debug-iphoneos/Nuvio.app/Frameworks/Libbluray.framework /Users/runner/work/Nuvio-Xiec/Nuvio-Xiec/build/ios-device/SourcePackages/artifacts/mpvkit/Libbluray/Libbluray.xcframework/ios-arm64/Libbluray.framework (in target 'iosApp' from project 'iosApp')
    cd /Users/runner/work/Nuvio-Xiec/Nuvio-Xiec/iosApp
    builtin-copy -exclude .DS_Store -exclude CVS -exclude .svn -exclude .git -exclude .hg -exclude Headers -exclude PrivateHeaders -exclude Modules -exclude \*.tbd -bitcode-strip all -bitcode-strip-tool /Applications/Xcode_16.4.app/Contents/Developer/Toolchains/XcodeDefault.xctoolchain/usr/bin/bitcode_strip -resolve-src-symlinks -remove-static-executable /Users/runner/work/Nuvio-Xiec/Nuvio-Xiec/build/ios-device/SourcePackages/artifacts/mpvkit/Libbluray/Libbluray.xcframework/ios-arm64/Libbluray.framework /Users/runner/work/Nuvio-Xiec/Nuvio-Xiec/build/ios-device/Build/Products/Debug-iphoneos/Nuvio.app/Frameworks
note: Injecting stub binary into codeless framework (in target 'iosApp' from project 'iosApp')
    /Applications/Xcode_16.4.app/Contents/Developer/Toolchains/XcodeDefault.xctoolchain/usr/bin/clang -isysroot /Applications/Xcode_16.4.app/Contents/Developer/Platforms/iPhoneOS.platform/Developer/SDKs/iPhoneOS18.5.sdk -x c -c /dev/null -target arm64-apple-ios100.0 -o /private/var/folders/nj/vtw8zd2j31d1gdrtntc5y4600000gn/T/swbuild.tmp.3fKg2oqJ/Data.noindex/arm64-apple.o
    /Applications/Xcode_16.4.app/Contents/Developer/Toolchains/XcodeDefault.xctoolchain/usr/bin/clang -isysroot /Applications/Xcode_16.4.app/Contents/Developer/Platforms/iPhoneOS.platform/Developer/SDKs/iPhoneOS18.5.sdk -dynamiclib -Xlinker -adhoc_codesign -target arm64-apple-ios100.0 -o /private/var/folders/nj/vtw8zd2j31d1gdrtntc5y4600000gn/T/swbuild.tmp.3fKg2oqJ/Data.noindex/arm64-apple /private/var/folders/nj/vtw8zd2j31d1gdrtntc5y4600000gn/T/swbuild.tmp.3fKg2oqJ/Data.noindex/arm64-apple.o
    /Applications/Xcode_16.4.app/Contents/Developer/Toolchains/XcodeDefault.xctoolchain/usr/bin/lipo -create -output /Users/runner/work/Nuvio-Xiec/Nuvio-Xiec/build/ios-device/Build/Products/Debug-iphoneos/Nuvio.app/Frameworks/Libbluray.framework/Libbluray /private/var/folders/nj/vtw8zd2j31d1gdrtntc5y4600000gn/T/swbuild.tmp.3fKg2oqJ/Data.noindex/arm64-apple

Copy /Users/runner/work/Nuvio-Xiec/Nuvio-Xiec/build/ios-device/Build/Products/Debug-iphoneos/Nuvio.app/Frameworks/Libavutil.framework /Users/runner/work/Nuvio-Xiec/Nuvio-Xiec/build/ios-device/SourcePackages/artifacts/mpvkit/Libavutil/Libavutil.xcframework/ios-arm64/Libavutil.framework (in target 'iosApp' from project 'iosApp')
    cd /Users/runner/work/Nuvio-Xiec/Nuvio-Xiec/iosApp
    builtin-copy -exclude .DS_Store -exclude CVS -exclude .svn -exclude .git -exclude .hg -exclude Headers -exclude PrivateHeaders -exclude Modules -exclude \*.tbd -bitcode-strip all -bitcode-strip-tool /Applications/Xcode_16.4.app/Contents/Developer/Toolchains/XcodeDefault.xctoolchain/usr/bin/bitcode_strip -resolve-src-symlinks -remove-static-executable /Users/runner/work/Nuvio-Xiec/Nuvio-Xiec/build/ios-device/SourcePackages/artifacts/mpvkit/Libavutil/Libavutil.xcframework/ios-arm64/Libavutil.framework /Users/runner/work/Nuvio-Xiec/Nuvio-Xiec/build/ios-device/Build/Products/Debug-iphoneos/Nuvio.app/Frameworks
note: Injecting stub binary into codeless framework (in target 'iosApp' from project 'iosApp')
    /Applications/Xcode_16.4.app/Contents/Developer/Toolchains/XcodeDefault.xctoolchain/usr/bin/clang -isysroot /Applications/Xcode_16.4.app/Contents/Developer/Platforms/iPhoneOS.platform/Developer/SDKs/iPhoneOS18.5.sdk -x c -c /dev/null -target arm64-apple-ios100.0 -o /private/var/folders/nj/vtw8zd2j31d1gdrtntc5y4600000gn/T/swbuild.tmp.WW4Lw7nK/Data.noindex/arm64-apple.o
    /Applications/Xcode_16.4.app/Contents/Developer/Toolchains/XcodeDefault.xctoolchain/usr/bin/clang -isysroot /Applications/Xcode_16.4.app/Contents/Developer/Platforms/iPhoneOS.platform/Developer/SDKs/iPhoneOS18.5.sdk -dynamiclib -Xlinker -adhoc_codesign -target arm64-apple-ios100.0 -o /private/var/folders/nj/vtw8zd2j31d1gdrtntc5y4600000gn/T/swbuild.tmp.WW4Lw7nK/Data.noindex/arm64-apple /private/var/folders/nj/vtw8zd2j31d1gdrtntc5y4600000gn/T/swbuild.tmp.WW4Lw7nK/Data.noindex/arm64-apple.o
    /Applications/Xcode_16.4.app/Contents/Developer/Toolchains/XcodeDefault.xctoolchain/usr/bin/lipo -create -output /Users/runner/work/Nuvio-Xiec/Nuvio-Xiec/build/ios-device/Build/Products/Debug-iphoneos/Nuvio.app/Frameworks/Libavutil.framework/Libavutil /private/var/folders/nj/vtw8zd2j31d1gdrtntc5y4600000gn/T/swbuild.tmp.WW4Lw7nK/Data.noindex/arm64-apple

Copy /Users/runner/work/Nuvio-Xiec/Nuvio-Xiec/build/ios-device/Build/Products/Debug-iphoneos/Nuvio.app/Frameworks/Libavformat.framework /Users/runner/work/Nuvio-Xiec/Nuvio-Xiec/build/ios-device/SourcePackages/artifacts/mpvkit/Libavformat/Libavformat.xcframework/ios-arm64/Libavformat.framework (in target 'iosApp' from project 'iosApp')
    cd /Users/runner/work/Nuvio-Xiec/Nuvio-Xiec/iosApp
    builtin-copy -exclude .DS_Store -exclude CVS -exclude .svn -exclude .git -exclude .hg -exclude Headers -exclude PrivateHeaders -exclude Modules -exclude \*.tbd -bitcode-strip all -bitcode-strip-tool /Applications/Xcode_16.4.app/Contents/Developer/Toolchains/XcodeDefault.xctoolchain/usr/bin/bitcode_strip -resolve-src-symlinks -remove-static-executable /Users/runner/work/Nuvio-Xiec/Nuvio-Xiec/build/ios-device/SourcePackages/artifacts/mpvkit/Libavformat/Libavformat.xcframework/ios-arm64/Libavformat.framework /Users/runner/work/Nuvio-Xiec/Nuvio-Xiec/build/ios-device/Build/Products/Debug-iphoneos/Nuvio.app/Frameworks
note: Injecting stub binary into codeless framework (in target 'iosApp' from project 'iosApp')
    /Applications/Xcode_16.4.app/Contents/Developer/Toolchains/XcodeDefault.xctoolchain/usr/bin/clang -isysroot /Applications/Xcode_16.4.app/Contents/Developer/Platforms/iPhoneOS.platform/Developer/SDKs/iPhoneOS18.5.sdk -x c -c /dev/null -target arm64-apple-ios100.0 -o /private/var/folders/nj/vtw8zd2j31d1gdrtntc5y4600000gn/T/swbuild.tmp.aIDFyvYM/Data.noindex/arm64-apple.o
    /Applications/Xcode_16.4.app/Contents/Developer/Toolchains/XcodeDefault.xctoolchain/usr/bin/clang -isysroot /Applications/Xcode_16.4.app/Contents/Developer/Platforms/iPhoneOS.platform/Developer/SDKs/iPhoneOS18.5.sdk -dynamiclib -Xlinker -adhoc_codesign -target arm64-apple-ios100.0 -o /private/var/folders/nj/vtw8zd2j31d1gdrtntc5y4600000gn/T/swbuild.tmp.aIDFyvYM/Data.noindex/arm64-apple /private/var/folders/nj/vtw8zd2j31d1gdrtntc5y4600000gn/T/swbuild.tmp.aIDFyvYM/Data.noindex/arm64-apple.o
    /Applications/Xcode_16.4.app/Contents/Developer/Toolchains/XcodeDefault.xctoolchain/usr/bin/lipo -create -output /Users/runner/work/Nuvio-Xiec/Nuvio-Xiec/build/ios-device/Build/Products/Debug-iphoneos/Nuvio.app/Frameworks/Libavformat.framework/Libavformat /private/var/folders/nj/vtw8zd2j31d1gdrtntc5y4600000gn/T/swbuild.tmp.aIDFyvYM/Data.noindex/arm64-apple

Copy /Users/runner/work/Nuvio-Xiec/Nuvio-Xiec/build/ios-device/Build/Products/Debug-iphoneos/Nuvio.app/Frameworks/Libavfilter.framework /Users/runner/work/Nuvio-Xiec/Nuvio-Xiec/build/ios-device/SourcePackages/artifacts/mpvkit/Libavfilter/Libavfilter.xcframework/ios-arm64/Libavfilter.framework (in target 'iosApp' from project 'iosApp')
    cd /Users/runner/work/Nuvio-Xiec/Nuvio-Xiec/iosApp
    builtin-copy -exclude .DS_Store -exclude CVS -exclude .svn -exclude .git -exclude .hg -exclude Headers -exclude PrivateHeaders -exclude Modules -exclude \*.tbd -bitcode-strip all -bitcode-strip-tool /Applications/Xcode_16.4.app/Contents/Developer/Toolchains/XcodeDefault.xctoolchain/usr/bin/bitcode_strip -resolve-src-symlinks -remove-static-executable /Users/runner/work/Nuvio-Xiec/Nuvio-Xiec/build/ios-device/SourcePackages/artifacts/mpvkit/Libavfilter/Libavfilter.xcframework/ios-arm64/Libavfilter.framework /Users/runner/work/Nuvio-Xiec/Nuvio-Xiec/build/ios-device/Build/Products/Debug-iphoneos/Nuvio.app/Frameworks
note: Injecting stub binary into codeless framework (in target 'iosApp' from project 'iosApp')
    /Applications/Xcode_16.4.app/Contents/Developer/Toolchains/XcodeDefault.xctoolchain/usr/bin/clang -isysroot /Applications/Xcode_16.4.app/Contents/Developer/Platforms/iPhoneOS.platform/Developer/SDKs/iPhoneOS18.5.sdk -x c -c /dev/null -target arm64-apple-ios100.0 -o /private/var/folders/nj/vtw8zd2j31d1gdrtntc5y4600000gn/T/swbuild.tmp.e2RH9y4T/Data.noindex/arm64-apple.o
    /Applications/Xcode_16.4.app/Contents/Developer/Toolchains/XcodeDefault.xctoolchain/usr/bin/clang -isysroot /Applications/Xcode_16.4.app/Contents/Developer/Platforms/iPhoneOS.platform/Developer/SDKs/iPhoneOS18.5.sdk -dynamiclib -Xlinker -adhoc_codesign -target arm64-apple-ios100.0 -o /private/var/folders/nj/vtw8zd2j31d1gdrtntc5y4600000gn/T/swbuild.tmp.e2RH9y4T/Data.noindex/arm64-apple /private/var/folders/nj/vtw8zd2j31d1gdrtntc5y4600000gn/T/swbuild.tmp.e2RH9y4T/Data.noindex/arm64-apple.o
    /Applications/Xcode_16.4.app/Contents/Developer/Toolchains/XcodeDefault.xctoolchain/usr/bin/lipo -create -output /Users/runner/work/Nuvio-Xiec/Nuvio-Xiec/build/ios-device/Build/Products/Debug-iphoneos/Nuvio.app/Frameworks/Libavfilter.framework/Libavfilter /private/var/folders/nj/vtw8zd2j31d1gdrtntc5y4600000gn/T/swbuild.tmp.e2RH9y4T/Data.noindex/arm64-apple

Copy /Users/runner/work/Nuvio-Xiec/Nuvio-Xiec/build/ios-device/Build/Products/Debug-iphoneos/Nuvio.app/Frameworks/Libavdevice.framework /Users/runner/work/Nuvio-Xiec/Nuvio-Xiec/build/ios-device/SourcePackages/artifacts/mpvkit/Libavdevice/Libavdevice.xcframework/ios-arm64/Libavdevice.framework (in target 'iosApp' from project 'iosApp')
    cd /Users/runner/work/Nuvio-Xiec/Nuvio-Xiec/iosApp
    builtin-copy -exclude .DS_Store -exclude CVS -exclude .svn -exclude .git -exclude .hg -exclude Headers -exclude PrivateHeaders -exclude Modules -exclude \*.tbd -bitcode-strip all -bitcode-strip-tool /Applications/Xcode_16.4.app/Contents/Developer/Toolchains/XcodeDefault.xctoolchain/usr/bin/bitcode_strip -resolve-src-symlinks -remove-static-executable /Users/runner/work/Nuvio-Xiec/Nuvio-Xiec/build/ios-device/SourcePackages/artifacts/mpvkit/Libavdevice/Libavdevice.xcframework/ios-arm64/Libavdevice.framework /Users/runner/work/Nuvio-Xiec/Nuvio-Xiec/build/ios-device/Build/Products/Debug-iphoneos/Nuvio.app/Frameworks
note: Injecting stub binary into codeless framework (in target 'iosApp' from project 'iosApp')
    /Applications/Xcode_16.4.app/Contents/Developer/Toolchains/XcodeDefault.xctoolchain/usr/bin/clang -isysroot /Applications/Xcode_16.4.app/Contents/Developer/Platforms/iPhoneOS.platform/Developer/SDKs/iPhoneOS18.5.sdk -x c -c /dev/null -target arm64-apple-ios100.0 -o /private/var/folders/nj/vtw8zd2j31d1gdrtntc5y4600000gn/T/swbuild.tmp.HQ3s9mxX/Data.noindex/arm64-apple.o
    /Applications/Xcode_16.4.app/Contents/Developer/Toolchains/XcodeDefault.xctoolchain/usr/bin/clang -isysroot /Applications/Xcode_16.4.app/Contents/Developer/Platforms/iPhoneOS.platform/Developer/SDKs/iPhoneOS18.5.sdk -dynamiclib -Xlinker -adhoc_codesign -target arm64-apple-ios100.0 -o /private/var/folders/nj/vtw8zd2j31d1gdrtntc5y4600000gn/T/swbuild.tmp.HQ3s9mxX/Data.noindex/arm64-apple /private/var/folders/nj/vtw8zd2j31d1gdrtntc5y4600000gn/T/swbuild.tmp.HQ3s9mxX/Data.noindex/arm64-apple.o
    /Applications/Xcode_16.4.app/Contents/Developer/Toolchains/XcodeDefault.xctoolchain/usr/bin/lipo -create -output /Users/runner/work/Nuvio-Xiec/Nuvio-Xiec/build/ios-device/Build/Products/Debug-iphoneos/Nuvio.app/Frameworks/Libavdevice.framework/Libavdevice /private/var/folders/nj/vtw8zd2j31d1gdrtntc5y4600000gn/T/swbuild.tmp.HQ3s9mxX/Data.noindex/arm64-apple

Copy /Users/runner/work/Nuvio-Xiec/Nuvio-Xiec/build/ios-device/Build/Products/Debug-iphoneos/Nuvio.app/Frameworks/Libavcodec.framework /Users/runner/work/Nuvio-Xiec/Nuvio-Xiec/build/ios-device/SourcePackages/artifacts/mpvkit/Libavcodec/Libavcodec.xcframework/ios-arm64/Libavcodec.framework (in target 'iosApp' from project 'iosApp')
    cd /Users/runner/work/Nuvio-Xiec/Nuvio-Xiec/iosApp
    builtin-copy -exclude .DS_Store -exclude CVS -exclude .svn -exclude .git -exclude .hg -exclude Headers -exclude PrivateHeaders -exclude Modules -exclude \*.tbd -bitcode-strip all -bitcode-strip-tool /Applications/Xcode_16.4.app/Contents/Developer/Toolchains/XcodeDefault.xctoolchain/usr/bin/bitcode_strip -resolve-src-symlinks -remove-static-executable /Users/runner/work/Nuvio-Xiec/Nuvio-Xiec/build/ios-device/SourcePackages/artifacts/mpvkit/Libavcodec/Libavcodec.xcframework/ios-arm64/Libavcodec.framework /Users/runner/work/Nuvio-Xiec/Nuvio-Xiec/build/ios-device/Build/Products/Debug-iphoneos/Nuvio.app/Frameworks
note: Injecting stub binary into codeless framework (in target 'iosApp' from project 'iosApp')
    /Applications/Xcode_16.4.app/Contents/Developer/Toolchains/XcodeDefault.xctoolchain/usr/bin/clang -isysroot /Applications/Xcode_16.4.app/Contents/Developer/Platforms/iPhoneOS.platform/Developer/SDKs/iPhoneOS18.5.sdk -x c -c /dev/null -target arm64-apple-ios100.0 -o /private/var/folders/nj/vtw8zd2j31d1gdrtntc5y4600000gn/T/swbuild.tmp.ulsed2zx/Data.noindex/arm64-apple.o
    /Applications/Xcode_16.4.app/Contents/Developer/Toolchains/XcodeDefault.xctoolchain/usr/bin/clang -isysroot /Applications/Xcode_16.4.app/Contents/Developer/Platforms/iPhoneOS.platform/Developer/SDKs/iPhoneOS18.5.sdk -dynamiclib -Xlinker -adhoc_codesign -target arm64-apple-ios100.0 -o /private/var/folders/nj/vtw8zd2j31d1gdrtntc5y4600000gn/T/swbuild.tmp.ulsed2zx/Data.noindex/arm64-apple /private/var/folders/nj/vtw8zd2j31d1gdrtntc5y4600000gn/T/swbuild.tmp.ulsed2zx/Data.noindex/arm64-apple.o
    /Applications/Xcode_16.4.app/Contents/Developer/Toolchains/XcodeDefault.xctoolchain/usr/bin/lipo -create -output /Users/runner/work/Nuvio-Xiec/Nuvio-Xiec/build/ios-device/Build/Products/Debug-iphoneos/Nuvio.app/Frameworks/Libavcodec.framework/Libavcodec /private/var/folders/nj/vtw8zd2j31d1gdrtntc5y4600000gn/T/swbuild.tmp.ulsed2zx/Data.noindex/arm64-apple

Copy /Users/runner/work/Nuvio-Xiec/Nuvio-Xiec/build/ios-device/Build/Products/Debug-iphoneos/Nuvio.app/Frameworks/Libass.framework /Users/runner/work/Nuvio-Xiec/Nuvio-Xiec/build/ios-device/SourcePackages/artifacts/mpvkit/Libass/Libass.xcframework/ios-arm64/Libass.framework (in target 'iosApp' from project 'iosApp')
    cd /Users/runner/work/Nuvio-Xiec/Nuvio-Xiec/iosApp
    builtin-copy -exclude .DS_Store -exclude CVS -exclude .svn -exclude .git -exclude .hg -exclude Headers -exclude PrivateHeaders -exclude Modules -exclude \*.tbd -bitcode-strip all -bitcode-strip-tool /Applications/Xcode_16.4.app/Contents/Developer/Toolchains/XcodeDefault.xctoolchain/usr/bin/bitcode_strip -resolve-src-symlinks -remove-static-executable /Users/runner/work/Nuvio-Xiec/Nuvio-Xiec/build/ios-device/SourcePackages/artifacts/mpvkit/Libass/Libass.xcframework/ios-arm64/Libass.framework /Users/runner/work/Nuvio-Xiec/Nuvio-Xiec/build/ios-device/Build/Products/Debug-iphoneos/Nuvio.app/Frameworks
note: Injecting stub binary into codeless framework (in target 'iosApp' from project 'iosApp')
    /Applications/Xcode_16.4.app/Contents/Developer/Toolchains/XcodeDefault.xctoolchain/usr/bin/clang -isysroot /Applications/Xcode_16.4.app/Contents/Developer/Platforms/iPhoneOS.platform/Developer/SDKs/iPhoneOS18.5.sdk -x c -c /dev/null -target arm64-apple-ios100.0 -o /private/var/folders/nj/vtw8zd2j31d1gdrtntc5y4600000gn/T/swbuild.tmp.ml1uOpJZ/Data.noindex/arm64-apple.o
    /Applications/Xcode_16.4.app/Contents/Developer/Toolchains/XcodeDefault.xctoolchain/usr/bin/clang -isysroot /Applications/Xcode_16.4.app/Contents/Developer/Platforms/iPhoneOS.platform/Developer/SDKs/iPhoneOS18.5.sdk -dynamiclib -Xlinker -adhoc_codesign -target arm64-apple-ios100.0 -o /private/var/folders/nj/vtw8zd2j31d1gdrtntc5y4600000gn/T/swbuild.tmp.ml1uOpJZ/Data.noindex/arm64-apple /private/var/folders/nj/vtw8zd2j31d1gdrtntc5y4600000gn/T/swbuild.tmp.ml1uOpJZ/Data.noindex/arm64-apple.o
    /Applications/Xcode_16.4.app/Contents/Developer/Toolchains/XcodeDefault.xctoolchain/usr/bin/lipo -create -output /Users/runner/work/Nuvio-Xiec/Nuvio-Xiec/build/ios-device/Build/Products/Debug-iphoneos/Nuvio.app/Frameworks/Libass.framework/Libass /private/var/folders/nj/vtw8zd2j31d1gdrtntc5y4600000gn/T/swbuild.tmp.ml1uOpJZ/Data.noindex/arm64-apple

MkDir /Users/runner/work/Nuvio-Xiec/Nuvio-Xiec/build/ios-device/Build/Intermediates.noindex/iosApp.build/Debug-iphoneos/iosApp.build/assetcatalog_output/thinned (in target 'iosApp' from project 'iosApp')
    cd /Users/runner/work/Nuvio-Xiec/Nuvio-Xiec/iosApp
    /bin/mkdir -p /Users/runner/work/Nuvio-Xiec/Nuvio-Xiec/build/ios-device/Build/Intermediates.noindex/iosApp.build/Debug-iphoneos/iosApp.build/assetcatalog_output/thinned

MkDir /Users/runner/work/Nuvio-Xiec/Nuvio-Xiec/build/ios-device/Build/Intermediates.noindex/iosApp.build/Debug-iphoneos/iosApp.build/assetcatalog_output/unthinned (in target 'iosApp' from project 'iosApp')
    cd /Users/runner/work/Nuvio-Xiec/Nuvio-Xiec/iosApp
    /bin/mkdir -p /Users/runner/work/Nuvio-Xiec/Nuvio-Xiec/build/ios-device/Build/Intermediates.noindex/iosApp.build/Debug-iphoneos/iosApp.build/assetcatalog_output/unthinned

GenerateAssetSymbols /Users/runner/work/Nuvio-Xiec/Nuvio-Xiec/iosApp/iosApp/Preview\ Content/Preview\ Assets.xcassets /Users/runner/work/Nuvio-Xiec/Nuvio-Xiec/iosApp/iosApp/Assets.xcassets (in target 'iosApp' from project 'iosApp')
    cd /Users/runner/work/Nuvio-Xiec/Nuvio-Xiec/iosApp
    /Applications/Xcode_16.4.app/Contents/Developer/usr/bin/actool /Users/runner/work/Nuvio-Xiec/Nuvio-Xiec/iosApp/iosApp/Preview\ Content/Preview\ Assets.xcassets /Users/runner/work/Nuvio-Xiec/Nuvio-Xiec/iosApp/iosApp/Assets.xcassets --compile /Users/runner/work/Nuvio-Xiec/Nuvio-Xiec/build/ios-device/Build/Products/Debug-iphoneos/Nuvio.app --output-format human-readable-text --notices --warnings --export-dependency-info /Users/runner/work/Nuvio-Xiec/Nuvio-Xiec/build/ios-device/Build/Intermediates.noindex/iosApp.build/Debug-iphoneos/iosApp.build/assetcatalog_dependencies --output-partial-info-plist /Users/runner/work/Nuvio-Xiec/Nuvio-Xiec/build/ios-device/Build/Intermediates.noindex/iosApp.build/Debug-iphoneos/iosApp.build/assetcatalog_generated_info.plist --app-icon AppIcon --include-all-app-icons --alternate-app-icon AppIconArcticBlue --alternate-app-icon AppIconEmerald --alternate-app-icon AppIconRoseGold --alternate-app-icon AppIconCopper --alternate-app-icon AppIconGraphite --accent-color AccentColor --compress-pngs --enable-on-demand-resources YES --development-region en --target-device iphone --target-device ipad --minimum-deployment-target 16.1 --platform iphoneos --bundle-identifier com.nuvio.app --generate-swift-asset-symbols /Users/runner/work/Nuvio-Xiec/Nuvio-Xiec/build/ios-device/Build/Intermediates.noindex/iosApp.build/Debug-iphoneos/iosApp.build/DerivedSources/GeneratedAssetSymbols.swift --generate-objc-asset-symbols /Users/runner/work/Nuvio-Xiec/Nuvio-Xiec/build/ios-device/Build/Intermediates.noindex/iosApp.build/Debug-iphoneos/iosApp.build/DerivedSources/GeneratedAssetSymbols.h --generate-asset-symbol-index /Users/runner/work/Nuvio-Xiec/Nuvio-Xiec/build/ios-device/Build/Intermediates.noindex/iosApp.build/Debug-iphoneos/iosApp.build/DerivedSources/GeneratedAssetSymbols-Index.plist
/* com.apple.actool.compilation-results */
/Users/runner/work/Nuvio-Xiec/Nuvio-Xiec/build/ios-device/Build/Intermediates.noindex/iosApp.build/Debug-iphoneos/iosApp.build/DerivedSources/GeneratedAssetSymbols-Index.plist
/Users/runner/work/Nuvio-Xiec/Nuvio-Xiec/build/ios-device/Build/Intermediates.noindex/iosApp.build/Debug-iphoneos/iosApp.build/DerivedSources/GeneratedAssetSymbols.h
/Users/runner/work/Nuvio-Xiec/Nuvio-Xiec/build/ios-device/Build/Intermediates.noindex/iosApp.build/Debug-iphoneos/iosApp.build/DerivedSources/GeneratedAssetSymbols.swift


Ld /Users/runner/work/Nuvio-Xiec/Nuvio-Xiec/build/ios-device/Build/Products/Debug-iphoneos/Nuvio.app/__preview.dylib normal (in target 'iosApp' from project 'iosApp')
    cd /Users/runner/work/Nuvio-Xiec/Nuvio-Xiec/iosApp
    /Applications/Xcode_16.4.app/Contents/Developer/Toolchains/XcodeDefault.xctoolchain/usr/bin/clang -Xlinker -reproducible -target arm64-apple-ios16.1 -dynamiclib -isysroot /Applications/Xcode_16.4.app/Contents/Developer/Platforms/iPhoneOS.platform/Developer/SDKs/iPhoneOS18.5.sdk -O0 -L/Users/runner/work/Nuvio-Xiec/Nuvio-Xiec/build/ios-device/Build/Products/Debug-iphoneos -F/Users/runner/work/Nuvio-Xiec/Nuvio-Xiec/build/ios-device/Build/Products/Debug-iphoneos/PackageFrameworks -F/Users/runner/work/Nuvio-Xiec/Nuvio-Xiec/build/ios-device/Build/Products/Debug-iphoneos/PackageFrameworks -F/Users/runner/work/Nuvio-Xiec/Nuvio-Xiec/build/ios-device/Build/Products/Debug-iphoneos -install_name @rpath/Nuvio.debug.dylib -dead_strip -rdynamic -Xlinker -no_deduplicate -Xlinker -dependency_info -Xlinker /Users/runner/work/Nuvio-Xiec/Nuvio-Xiec/build/ios-device/Build/Intermediates.noindex/iosApp.build/Debug-iphoneos/iosApp.build/Objects-normal/arm64/Nuvio_dependency_info.dat -o /Users/runner/work/Nuvio-Xiec/Nuvio-Xiec/build/ios-device/Build/Products/Debug-iphoneos/Nuvio.app/__preview.dylib

CompileAssetCatalogVariant thinned /Users/runner/work/Nuvio-Xiec/Nuvio-Xiec/build/ios-device/Build/Products/Debug-iphoneos/Nuvio.app /Users/runner/work/Nuvio-Xiec/Nuvio-Xiec/iosApp/iosApp/Preview\ Content/Preview\ Assets.xcassets /Users/runner/work/Nuvio-Xiec/Nuvio-Xiec/iosApp/iosApp/Assets.xcassets (in target 'iosApp' from project 'iosApp')
    cd /Users/runner/work/Nuvio-Xiec/Nuvio-Xiec/iosApp
    /Applications/Xcode_16.4.app/Contents/Developer/usr/bin/actool /Users/runner/work/Nuvio-Xiec/Nuvio-Xiec/iosApp/iosApp/Preview\ Content/Preview\ Assets.xcassets /Users/runner/work/Nuvio-Xiec/Nuvio-Xiec/iosApp/iosApp/Assets.xcassets --compile /Users/runner/work/Nuvio-Xiec/Nuvio-Xiec/build/ios-device/Build/Intermediates.noindex/iosApp.build/Debug-iphoneos/iosApp.build/assetcatalog_output/thinned --output-format human-readable-text --notices --warnings --export-dependency-info /Users/runner/work/Nuvio-Xiec/Nuvio-Xiec/build/ios-device/Build/Intermediates.noindex/iosApp.build/Debug-iphoneos/iosApp.build/assetcatalog_dependencies_thinned --output-partial-info-plist /Users/runner/work/Nuvio-Xiec/Nuvio-Xiec/build/ios-device/Build/Intermediates.noindex/iosApp.build/Debug-iphoneos/iosApp.build/assetcatalog_generated_info.plist_thinned --app-icon AppIcon --include-all-app-icons --alternate-app-icon AppIconArcticBlue --alternate-app-icon AppIconEmerald --alternate-app-icon AppIconRoseGold --alternate-app-icon AppIconCopper --alternate-app-icon AppIconGraphite --accent-color AccentColor --compress-pngs --enable-on-demand-resources YES --development-region en --target-device iphone --target-device ipad --minimum-deployment-target 16.1 --platform iphoneos
/* com.apple.actool.compilation-results */
/Users/runner/work/Nuvio-Xiec/Nuvio-Xiec/build/ios-device/Build/Intermediates.noindex/iosApp.build/Debug-iphoneos/iosApp.build/assetcatalog_generated_info.plist_thinned
/Users/runner/work/Nuvio-Xiec/Nuvio-Xiec/build/ios-device/Build/Intermediates.noindex/iosApp.build/Debug-iphoneos/iosApp.build/assetcatalog_output/thinned/AppIcon60x60@2x.png
/Users/runner/work/Nuvio-Xiec/Nuvio-Xiec/build/ios-device/Build/Intermediates.noindex/iosApp.build/Debug-iphoneos/iosApp.build/assetcatalog_output/thinned/AppIcon76x76@2x~ipad.png
/Users/runner/work/Nuvio-Xiec/Nuvio-Xiec/build/ios-device/Build/Intermediates.noindex/iosApp.build/Debug-iphoneos/iosApp.build/assetcatalog_output/thinned/Assets.car


SwiftDriver iosApp normal arm64 com.apple.xcode.tools.swift.compiler (in target 'iosApp' from project 'iosApp')
    cd /Users/runner/work/Nuvio-Xiec/Nuvio-Xiec/iosApp
    builtin-SwiftDriver -- /Applications/Xcode_16.4.app/Contents/Developer/Toolchains/XcodeDefault.xctoolchain/usr/bin/swiftc -module-name Nuvio -Onone -enforce-exclusivity\=checked @/Users/runner/work/Nuvio-Xiec/Nuvio-Xiec/build/ios-device/Build/Intermediates.noindex/iosApp.build/Debug-iphoneos/iosApp.build/Objects-normal/arm64/Nuvio.SwiftFileList -DDEBUG -Xcc -fmodule-map-file\=/Users/runner/work/Nuvio-Xiec/Nuvio-Xiec/build/ios-device/Build/Intermediates.noindex/GeneratedModuleMaps-iphoneos/_FFmpeg.modulemap -Xcc -fmodule-map-file\=/Users/runner/work/Nuvio-Xiec/Nuvio-Xiec/build/ios-device/Build/Intermediates.noindex/GeneratedModuleMaps-iphoneos/_MPVKit.modulemap -enable-bare-slash-regex -enable-experimental-feature DebugDescriptionMacro -sdk /Applications/Xcode_16.4.app/Contents/Developer/Platforms/iPhoneOS.platform/Developer/SDKs/iPhoneOS18.5.sdk -target arm64-apple-ios16.1 -g -module-cache-path /Users/runner/work/Nuvio-Xiec/Nuvio-Xiec/build/ios-device/ModuleCache.noindex -Xfrontend -serialize-debugging-options -enable-testing -index-store-path /Users/runner/work/Nuvio-Xiec/Nuvio-Xiec/build/ios-device/Index.noindex/DataStore -swift-version 5 -I /Users/runner/work/Nuvio-Xiec/Nuvio-Xiec/build/ios-device/Build/Products/Debug-iphoneos -F /Users/runner/work/Nuvio-Xiec/Nuvio-Xiec/build/ios-device/Build/Products/Debug-iphoneos/PackageFrameworks -F /Users/runner/work/Nuvio-Xiec/Nuvio-Xiec/build/ios-device/Build/Products/Debug-iphoneos/PackageFrameworks -F /Users/runner/work/Nuvio-Xiec/Nuvio-Xiec/build/ios-device/Build/Products/Debug-iphoneos -emit-localized-strings -emit-localized-strings-path /Users/runner/work/Nuvio-Xiec/Nuvio-Xiec/build/ios-device/Build/Intermediates.noindex/iosApp.build/Debug-iphoneos/iosApp.build/Objects-normal/arm64 -c -j3 -enable-batch-mode -incremental -Xcc -ivfsstatcache -Xcc /Users/runner/work/Nuvio-Xiec/Nuvio-Xiec/build/ios-device/SDKStatCaches.noindex/iphoneos18.5-22F76-a529daf784b3616c7c04a36aeb7f5c05.sdkstatcache -output-file-map /Users/runner/work/Nuvio-Xiec/Nuvio-Xiec/build/ios-device/Build/Intermediates.noindex/iosApp.build/Debug-iphoneos/iosApp.build/Objects-normal/arm64/iosApp-OutputFileMap.json -use-frontend-parseable-output -save-temps -no-color-diagnostics -serialize-diagnostics -emit-dependencies -emit-module -emit-module-path /Users/runner/work/Nuvio-Xiec/Nuvio-Xiec/build/ios-device/Build/Intermediates.noindex/iosApp.build/Debug-iphoneos/iosApp.build/Objects-normal/arm64/Nuvio.swiftmodule -validate-clang-modules-once -clang-build-session-file /Users/runner/work/Nuvio-Xiec/Nuvio-Xiec/build/ios-device/ModuleCache.noindex/Session.modulevalidation -Xcc -I/Users/runner/work/Nuvio-Xiec/Nuvio-Xiec/build/ios-device/Build/Intermediates.noindex/iosApp.build/Debug-iphoneos/iosApp.build/swift-overrides.hmap -emit-const-values -Xfrontend -const-gather-protocols-file -Xfrontend /Users/runner/work/Nuvio-Xiec/Nuvio-Xiec/build/ios-device/Build/Intermediates.noindex/iosApp.build/Debug-iphoneos/iosApp.build/Objects-normal/arm64/iosApp_const_extract_protocols.json -Xcc -iquote -Xcc /Users/runner/work/Nuvio-Xiec/Nuvio-Xiec/build/ios-device/Build/Intermediates.noindex/iosApp.build/Debug-iphoneos/iosApp.build/Nuvio-generated-files.hmap -Xcc -I/Users/runner/work/Nuvio-Xiec/Nuvio-Xiec/build/ios-device/Build/Intermediates.noindex/iosApp.build/Debug-iphoneos/iosApp.build/Nuvio-own-target-headers.hmap -Xcc -I/Users/runner/work/Nuvio-Xiec/Nuvio-Xiec/build/ios-device/Build/Intermediates.noindex/iosApp.build/Debug-iphoneos/iosApp.build/Nuvio-all-non-framework-target-headers.hmap -Xcc -ivfsoverlay -Xcc /Users/runner/work/Nuvio-Xiec/Nuvio-Xiec/build/ios-device/Build/Intermediates.noindex/iosApp.build/Debug-iphoneos/iosApp-7b79493a8b7fc1f2fff3c51cd12ba024-VFS-iphoneos/all-product-headers.yaml -Xcc -iquote -Xcc /Users/runner/work/Nuvio-Xiec/Nuvio-Xiec/build/ios-device/Build/Intermediates.noindex/iosApp.build/Debug-iphoneos/iosApp.build/Nuvio-project-headers.hmap -Xcc -I/Users/runner/work/Nuvio-Xiec/Nuvio-Xiec/MPVKit/Sources/_FFmpeg/include -Xcc -I/Users/runner/work/Nuvio-Xiec/Nuvio-Xiec/MPVKit/Sources/_MPVKit/include -Xcc -I/Users/runner/work/Nuvio-Xiec/Nuvio-Xiec/build/ios-device/Build/Products/Debug-iphoneos/include -Xcc -I/Users/runner/work/Nuvio-Xiec/Nuvio-Xiec/build/ios-device/Build/Intermediates.noindex/iosApp.build/Debug-iphoneos/iosApp.build/DerivedSources-normal/arm64 -Xcc -I/Users/runner/work/Nuvio-Xiec/Nuvio-Xiec/build/ios-device/Build/Intermediates.noindex/iosApp.build/Debug-iphoneos/iosApp.build/DerivedSources/arm64 -Xcc -I/Users/runner/work/Nuvio-Xiec/Nuvio-Xiec/build/ios-device/Build/Intermediates.noindex/iosApp.build/Debug-iphoneos/iosApp.build/DerivedSources -Xcc -DDEBUG\=1 -emit-objc-header -emit-objc-header-path /Users/runner/work/Nuvio-Xiec/Nuvio-Xiec/build/ios-device/Build/Intermediates.noindex/iosApp.build/Debug-iphoneos/iosApp.build/Objects-normal/arm64/Nuvio-Swift.h -working-directory /Users/runner/work/Nuvio-Xiec/Nuvio-Xiec/iosApp -experimental-emit-module-separately -disable-cmo

SwiftEmitModule normal arm64 Emitting\ module\ for\ Nuvio (in target 'iosApp' from project 'iosApp')
EmitSwiftModule normal arm64 (in target 'iosApp' from project 'iosApp')
    cd /Users/runner/work/Nuvio-Xiec/Nuvio-Xiec/iosApp
    

SwiftCompile normal arm64 Compiling\ NowPlayingController.swift,\ ContentView.swift,\ DownloadsLiveActivityManager.swift /Users/runner/work/Nuvio-Xiec/Nuvio-Xiec/iosApp/iosApp/Player/NowPlayingController.swift /Users/runner/work/Nuvio-Xiec/Nuvio-Xiec/iosApp/iosApp/ContentView.swift /Users/runner/work/Nuvio-Xiec/Nuvio-Xiec/iosApp/iosApp/DownloadsLiveActivityManager.swift (in target 'iosApp' from project 'iosApp')
SwiftCompile normal arm64 /Users/runner/work/Nuvio-Xiec/Nuvio-Xiec/iosApp/iosApp/Player/NowPlayingController.swift (in target 'iosApp' from project 'iosApp')
    cd /Users/runner/work/Nuvio-Xiec/Nuvio-Xiec/iosApp
    

SwiftCompile normal arm64 /Users/runner/work/Nuvio-Xiec/Nuvio-Xiec/iosApp/iosApp/ContentView.swift (in target 'iosApp' from project 'iosApp')
    cd /Users/runner/work/Nuvio-Xiec/Nuvio-Xiec/iosApp
    

SwiftCompile normal arm64 /Users/runner/work/Nuvio-Xiec/Nuvio-Xiec/iosApp/iosApp/DownloadsLiveActivityManager.swift (in target 'iosApp' from project 'iosApp')
    cd /Users/runner/work/Nuvio-Xiec/Nuvio-Xiec/iosApp
    

SwiftCompile normal arm64 Compiling\ iOSApp.swift,\ OrientationLockCoordinator.swift,\ GeneratedAssetSymbols.swift /Users/runner/work/Nuvio-Xiec/Nuvio-Xiec/iosApp/iosApp/iOSApp.swift /Users/runner/work/Nuvio-Xiec/Nuvio-Xiec/iosApp/iosApp/OrientationLockCoordinator.swift /Users/runner/work/Nuvio-Xiec/Nuvio-Xiec/build/ios-device/Build/Intermediates.noindex/iosApp.build/Debug-iphoneos/iosApp.build/DerivedSources/GeneratedAssetSymbols.swift (in target 'iosApp' from project 'iosApp')

SwiftCompile normal arm64 /Users/runner/work/Nuvio-Xiec/Nuvio-Xiec/iosApp/iosApp/iOSApp.swift (in target 'iosApp' from project 'iosApp')
    cd /Users/runner/work/Nuvio-Xiec/Nuvio-Xiec/iosApp
    

SwiftCompile normal arm64 /Users/runner/work/Nuvio-Xiec/Nuvio-Xiec/iosApp/iosApp/OrientationLockCoordinator.swift (in target 'iosApp' from project 'iosApp')
    cd /Users/runner/work/Nuvio-Xiec/Nuvio-Xiec/iosApp
    

SwiftCompile normal arm64 /Users/runner/work/Nuvio-Xiec/Nuvio-Xiec/build/ios-device/Build/Intermediates.noindex/iosApp.build/Debug-iphoneos/iosApp.build/DerivedSources/GeneratedAssetSymbols.swift (in target 'iosApp' from project 'iosApp')
    cd /Users/runner/work/Nuvio-Xiec/Nuvio-Xiec/iosApp
    

LinkAssetCatalog /Users/runner/work/Nuvio-Xiec/Nuvio-Xiec/iosApp/iosApp/Preview\ Content/Preview\ Assets.xcassets /Users/runner/work/Nuvio-Xiec/Nuvio-Xiec/iosApp/iosApp/Assets.xcassets (in target 'iosApp' from project 'iosApp')
    cd /Users/runner/work/Nuvio-Xiec/Nuvio-Xiec/iosApp
    builtin-linkAssetCatalog --thinned /Users/runner/work/Nuvio-Xiec/Nuvio-Xiec/build/ios-device/Build/Intermediates.noindex/iosApp.build/Debug-iphoneos/iosApp.build/assetcatalog_output/thinned --thinned-dependencies /Users/runner/work/Nuvio-Xiec/Nuvio-Xiec/build/ios-device/Build/Intermediates.noindex/iosApp.build/Debug-iphoneos/iosApp.build/assetcatalog_dependencies_thinned --thinned-info-plist-content /Users/runner/work/Nuvio-Xiec/Nuvio-Xiec/build/ios-device/Build/Intermediates.noindex/iosApp.build/Debug-iphoneos/iosApp.build/assetcatalog_generated_info.plist_thinned --unthinned /Users/runner/work/Nuvio-Xiec/Nuvio-Xiec/build/ios-device/Build/Intermediates.noindex/iosApp.build/Debug-iphoneos/iosApp.build/assetcatalog_output/unthinned --unthinned-dependencies /Users/runner/work/Nuvio-Xiec/Nuvio-Xiec/build/ios-device/Build/Intermediates.noindex/iosApp.build/Debug-iphoneos/iosApp.build/assetcatalog_dependencies_unthinned --unthinned-info-plist-content /Users/runner/work/Nuvio-Xiec/Nuvio-Xiec/build/ios-device/Build/Intermediates.noindex/iosApp.build/Debug-iphoneos/iosApp.build/assetcatalog_generated_info.plist_unthinned --output /Users/runner/work/Nuvio-Xiec/Nuvio-Xiec/build/ios-device/Build/Products/Debug-iphoneos/Nuvio.app --plist-output /Users/runner/work/Nuvio-Xiec/Nuvio-Xiec/build/ios-device/Build/Intermediates.noindex/iosApp.build/Debug-iphoneos/iosApp.build/assetcatalog_generated_info.plist
note: Emplaced /Users/runner/work/Nuvio-Xiec/Nuvio-Xiec/build/ios-device/Build/Products/Debug-iphoneos/Nuvio.app/AppIcon60x60@2x.png (in target 'iosApp' from project 'iosApp')
note: Emplaced /Users/runner/work/Nuvio-Xiec/Nuvio-Xiec/build/ios-device/Build/Products/Debug-iphoneos/Nuvio.app/Assets.car (in target 'iosApp' from project 'iosApp')
note: Emplaced /Users/runner/work/Nuvio-Xiec/Nuvio-Xiec/build/ios-device/Build/Products/Debug-iphoneos/Nuvio.app/AppIcon76x76@2x~ipad.png (in target 'iosApp' from project 'iosApp')

SwiftDriverJobDiscovery normal arm64 Emitting module for Nuvio (in target 'iosApp' from project 'iosApp')

SwiftDriver\ Compilation\ Requirements iosApp normal arm64 com.apple.xcode.tools.swift.compiler (in target 'iosApp' from project 'iosApp')
    cd /Users/runner/work/Nuvio-Xiec/Nuvio-Xiec/iosApp
    builtin-Swift-Compilation-Requirements -- /Applications/Xcode_16.4.app/Contents/Developer/Toolchains/XcodeDefault.xctoolchain/usr/bin/swiftc -module-name Nuvio -Onone -enforce-exclusivity\=checked @/Users/runner/work/Nuvio-Xiec/Nuvio-Xiec/build/ios-device/Build/Intermediates.noindex/iosApp.build/Debug-iphoneos/iosApp.build/Objects-normal/arm64/Nuvio.SwiftFileList -DDEBUG -Xcc -fmodule-map-file\=/Users/runner/work/Nuvio-Xiec/Nuvio-Xiec/build/ios-device/Build/Intermediates.noindex/GeneratedModuleMaps-iphoneos/_FFmpeg.modulemap -Xcc -fmodule-map-file\=/Users/runner/work/Nuvio-Xiec/Nuvio-Xiec/build/ios-device/Build/Intermediates.noindex/GeneratedModuleMaps-iphoneos/_MPVKit.modulemap -enable-bare-slash-regex -enable-experimental-feature DebugDescriptionMacro -sdk /Applications/Xcode_16.4.app/Contents/Developer/Platforms/iPhoneOS.platform/Developer/SDKs/iPhoneOS18.5.sdk -target arm64-apple-ios16.1 -g -module-cache-path /Users/runner/work/Nuvio-Xiec/Nuvio-Xiec/build/ios-device/ModuleCache.noindex -Xfrontend -serialize-debugging-options -enable-testing -index-store-path /Users/runner/work/Nuvio-Xiec/Nuvio-Xiec/build/ios-device/Index.noindex/DataStore -swift-version 5 -I /Users/runner/work/Nuvio-Xiec/Nuvio-Xiec/build/ios-device/Build/Products/Debug-iphoneos -F /Users/runner/work/Nuvio-Xiec/Nuvio-Xiec/build/ios-device/Build/Products/Debug-iphoneos/PackageFrameworks -F /Users/runner/work/Nuvio-Xiec/Nuvio-Xiec/build/ios-device/Build/Products/Debug-iphoneos/PackageFrameworks -F /Users/runner/work/Nuvio-Xiec/Nuvio-Xiec/build/ios-device/Build/Products/Debug-iphoneos -emit-localized-strings -emit-localized-strings-path /Users/runner/work/Nuvio-Xiec/Nuvio-Xiec/build/ios-device/Build/Intermediates.noindex/iosApp.build/Debug-iphoneos/iosApp.build/Objects-normal/arm64 -c -j3 -enable-batch-mode -incremental -Xcc -ivfsstatcache -Xcc /Users/runner/work/Nuvio-Xiec/Nuvio-Xiec/build/ios-device/SDKStatCaches.noindex/iphoneos18.5-22F76-a529daf784b3616c7c04a36aeb7f5c05.sdkstatcache -output-file-map /Users/runner/work/Nuvio-Xiec/Nuvio-Xiec/build/ios-device/Build/Intermediates.noindex/iosApp.build/Debug-iphoneos/iosApp.build/Objects-normal/arm64/iosApp-OutputFileMap.json -use-frontend-parseable-output -save-temps -no-color-diagnostics -serialize-diagnostics -emit-dependencies -emit-module -emit-module-path /Users/runner/work/Nuvio-Xiec/Nuvio-Xiec/build/ios-device/Build/Intermediates.noindex/iosApp.build/Debug-iphoneos/iosApp.build/Objects-normal/arm64/Nuvio.swiftmodule -validate-clang-modules-once -clang-build-session-file /Users/runner/work/Nuvio-Xiec/Nuvio-Xiec/build/ios-device/ModuleCache.noindex/Session.modulevalidation -Xcc -I/Users/runner/work/Nuvio-Xiec/Nuvio-Xiec/build/ios-device/Build/Intermediates.noindex/iosApp.build/Debug-iphoneos/iosApp.build/swift-overrides.hmap -emit-const-values -Xfrontend -const-gather-protocols-file -Xfrontend /Users/runner/work/Nuvio-Xiec/Nuvio-Xiec/build/ios-device/Build/Intermediates.noindex/iosApp.build/Debug-iphoneos/iosApp.build/Objects-normal/arm64/iosApp_const_extract_protocols.json -Xcc -iquote -Xcc /Users/runner/work/Nuvio-Xiec/Nuvio-Xiec/build/ios-device/Build/Intermediates.noindex/iosApp.build/Debug-iphoneos/iosApp.build/Nuvio-generated-files.hmap -Xcc -I/Users/runner/work/Nuvio-Xiec/Nuvio-Xiec/build/ios-device/Build/Intermediates.noindex/iosApp.build/Debug-iphoneos/iosApp.build/Nuvio-own-target-headers.hmap -Xcc -I/Users/runner/work/Nuvio-Xiec/Nuvio-Xiec/build/ios-device/Build/Intermediates.noindex/iosApp.build/Debug-iphoneos/iosApp.build/Nuvio-all-non-framework-target-headers.hmap -Xcc -ivfsoverlay -Xcc /Users/runner/work/Nuvio-Xiec/Nuvio-Xiec/build/ios-device/Build/Intermediates.noindex/iosApp.build/Debug-iphoneos/iosApp-7b79493a8b7fc1f2fff3c51cd12ba024-VFS-iphoneos/all-product-headers.yaml -Xcc -iquote -Xcc /Users/runner/work/Nuvio-Xiec/Nuvio-Xiec/build/ios-device/Build/Intermediates.noindex/iosApp.build/Debug-iphoneos/iosApp.build/Nuvio-project-headers.hmap -Xcc -I/Users/runner/work/Nuvio-Xiec/Nuvio-Xiec/MPVKit/Sources/_FFmpeg/include -Xcc -I/Users/runner/work/Nuvio-Xiec/Nuvio-Xiec/MPVKit/Sources/_MPVKit/include -Xcc -I/Users/runner/work/Nuvio-Xiec/Nuvio-Xiec/build/ios-device/Build/Products/Debug-iphoneos/include -Xcc -I/Users/runner/work/Nuvio-Xiec/Nuvio-Xiec/build/ios-device/Build/Intermediates.noindex/iosApp.build/Debug-iphoneos/iosApp.build/DerivedSources-normal/arm64 -Xcc -I/Users/runner/work/Nuvio-Xiec/Nuvio-Xiec/build/ios-device/Build/Intermediates.noindex/iosApp.build/Debug-iphoneos/iosApp.build/DerivedSources/arm64 -Xcc -I/Users/runner/work/Nuvio-Xiec/Nuvio-Xiec/build/ios-device/Build/Intermediates.noindex/iosApp.build/Debug-iphoneos/iosApp.build/DerivedSources -Xcc -DDEBUG\=1 -emit-objc-header -emit-objc-header-path /Users/runner/work/Nuvio-Xiec/Nuvio-Xiec/build/ios-device/Build/Intermediates.noindex/iosApp.build/Debug-iphoneos/iosApp.build/Objects-normal/arm64/Nuvio-Swift.h -working-directory /Users/runner/work/Nuvio-Xiec/Nuvio-Xiec/iosApp -experimental-emit-module-separately -disable-cmo

SwiftCompile normal arm64 Compiling\ AV01DirectResolver.swift,\ MetalLayer.swift,\ MPVPlayerBridge.swift /Users/runner/work/Nuvio-Xiec/Nuvio-Xiec/iosApp/iosApp/Player/AV01DirectResolver.swift /Users/runner/work/Nuvio-Xiec/Nuvio-Xiec/iosApp/iosApp/Player/MetalLayer.swift /Users/runner/work/Nuvio-Xiec/Nuvio-Xiec/iosApp/iosApp/Player/MPVPlayerBridge.swift (in target 'iosApp' from project 'iosApp')

SwiftCompile normal arm64 /Users/runner/work/Nuvio-Xiec/Nuvio-Xiec/iosApp/iosApp/Player/AV01DirectResolver.swift (in target 'iosApp' from project 'iosApp')
    cd /Users/runner/work/Nuvio-Xiec/Nuvio-Xiec/iosApp
    

SwiftCompile normal arm64 /Users/runner/work/Nuvio-Xiec/Nuvio-Xiec/iosApp/iosApp/Player/MetalLayer.swift (in target 'iosApp' from project 'iosApp')
    cd /Users/runner/work/Nuvio-Xiec/Nuvio-Xiec/iosApp
    

SwiftCompile normal arm64 /Users/runner/work/Nuvio-Xiec/Nuvio-Xiec/iosApp/iosApp/Player/MPVPlayerBridge.swift (in target 'iosApp' from project 'iosApp')
    cd /Users/runner/work/Nuvio-Xiec/Nuvio-Xiec/iosApp
    

SwiftDriverJobDiscovery normal arm64 Compiling iOSApp.swift, OrientationLockCoordinator.swift, GeneratedAssetSymbols.swift (in target 'iosApp' from project 'iosApp')

SwiftMergeGeneratedHeaders /Users/runner/work/Nuvio-Xiec/Nuvio-Xiec/build/ios-device/Build/Intermediates.noindex/iosApp.build/Debug-iphoneos/iosApp.build/DerivedSources/Nuvio-Swift.h /Users/runner/work/Nuvio-Xiec/Nuvio-Xiec/build/ios-device/Build/Intermediates.noindex/iosApp.build/Debug-iphoneos/iosApp.build/Objects-normal/arm64/Nuvio-Swift.h (in target 'iosApp' from project 'iosApp')
    cd /Users/runner/work/Nuvio-Xiec/Nuvio-Xiec/iosApp
    builtin-swiftHeaderTool -arch arm64 /Users/runner/work/Nuvio-Xiec/Nuvio-Xiec/build/ios-device/Build/Intermediates.noindex/iosApp.build/Debug-iphoneos/iosApp.build/Objects-normal/arm64/Nuvio-Swift.h -o /Users/runner/work/Nuvio-Xiec/Nuvio-Xiec/build/ios-device/Build/Intermediates.noindex/iosApp.build/Debug-iphoneos/iosApp.build/DerivedSources/Nuvio-Swift.h

Copy /Users/runner/work/Nuvio-Xiec/Nuvio-Xiec/build/ios-device/Build/Products/Debug-iphoneos/Nuvio.swiftmodule/arm64-apple-ios.swiftmodule /Users/runner/work/Nuvio-Xiec/Nuvio-Xiec/build/ios-device/Build/Intermediates.noindex/iosApp.build/Debug-iphoneos/iosApp.build/Objects-normal/arm64/Nuvio.swiftmodule (in target 'iosApp' from project 'iosApp')
    cd /Users/runner/work/Nuvio-Xiec/Nuvio-Xiec/iosApp
    builtin-copy -exclude .DS_Store -exclude CVS -exclude .svn -exclude .git -exclude .hg -resolve-src-symlinks -rename /Users/runner/work/Nuvio-Xiec/Nuvio-Xiec/build/ios-device/Build/Intermediates.noindex/iosApp.build/Debug-iphoneos/iosApp.build/Objects-normal/arm64/Nuvio.swiftmodule /Users/runner/work/Nuvio-Xiec/Nuvio-Xiec/build/ios-device/Build/Products/Debug-iphoneos/Nuvio.swiftmodule/arm64-apple-ios.swiftmodule

Copy /Users/runner/work/Nuvio-Xiec/Nuvio-Xiec/build/ios-device/Build/Products/Debug-iphoneos/Nuvio.swiftmodule/arm64-apple-ios.swiftdoc /Users/runner/work/Nuvio-Xiec/Nuvio-Xiec/build/ios-device/Build/Intermediates.noindex/iosApp.build/Debug-iphoneos/iosApp.build/Objects-normal/arm64/Nuvio.swiftdoc (in target 'iosApp' from project 'iosApp')
    cd /Users/runner/work/Nuvio-Xiec/Nuvio-Xiec/iosApp
    builtin-copy -exclude .DS_Store -exclude CVS -exclude .svn -exclude .git -exclude .hg -resolve-src-symlinks -rename /Users/runner/work/Nuvio-Xiec/Nuvio-Xiec/build/ios-device/Build/Intermediates.noindex/iosApp.build/Debug-iphoneos/iosApp.build/Objects-normal/arm64/Nuvio.swiftdoc /Users/runner/work/Nuvio-Xiec/Nuvio-Xiec/build/ios-device/Build/Products/Debug-iphoneos/Nuvio.swiftmodule/arm64-apple-ios.swiftdoc

Copy /Users/runner/work/Nuvio-Xiec/Nuvio-Xiec/build/ios-device/Build/Products/Debug-iphoneos/Nuvio.swiftmodule/arm64-apple-ios.abi.json /Users/runner/work/Nuvio-Xiec/Nuvio-Xiec/build/ios-device/Build/Intermediates.noindex/iosApp.build/Debug-iphoneos/iosApp.build/Objects-normal/arm64/Nuvio.abi.json (in target 'iosApp' from project 'iosApp')
    cd /Users/runner/work/Nuvio-Xiec/Nuvio-Xiec/iosApp
    builtin-copy -exclude .DS_Store -exclude CVS -exclude .svn -exclude .git -exclude .hg -resolve-src-symlinks -rename /Users/runner/work/Nuvio-Xiec/Nuvio-Xiec/build/ios-device/Build/Intermediates.noindex/iosApp.build/Debug-iphoneos/iosApp.build/Objects-normal/arm64/Nuvio.abi.json /Users/runner/work/Nuvio-Xiec/Nuvio-Xiec/build/ios-device/Build/Products/Debug-iphoneos/Nuvio.swiftmodule/arm64-apple-ios.abi.json

Copy /Users/runner/work/Nuvio-Xiec/Nuvio-Xiec/build/ios-device/Build/Products/Debug-iphoneos/Nuvio.swiftmodule/Project/arm64-apple-ios.swiftsourceinfo /Users/runner/work/Nuvio-Xiec/Nuvio-Xiec/build/ios-device/Build/Intermediates.noindex/iosApp.build/Debug-iphoneos/iosApp.build/Objects-normal/arm64/Nuvio.swiftsourceinfo (in target 'iosApp' from project 'iosApp')
    cd /Users/runner/work/Nuvio-Xiec/Nuvio-Xiec/iosApp
    builtin-copy -exclude .DS_Store -exclude CVS -exclude .svn -exclude .git -exclude .hg -resolve-src-symlinks -rename /Users/runner/work/Nuvio-Xiec/Nuvio-Xiec/build/ios-device/Build/Intermediates.noindex/iosApp.build/Debug-iphoneos/iosApp.build/Objects-normal/arm64/Nuvio.swiftsourceinfo /Users/runner/work/Nuvio-Xiec/Nuvio-Xiec/build/ios-device/Build/Products/Debug-iphoneos/Nuvio.swiftmodule/Project/arm64-apple-ios.swiftsourceinfo

ScanDependencies /Users/runner/work/Nuvio-Xiec/Nuvio-Xiec/build/ios-device/Build/Intermediates.noindex/iosApp.build/Debug-iphoneos/iosApp.build/Objects-normal/arm64/AppIconBridge.o /Users/runner/work/Nuvio-Xiec/Nuvio-Xiec/iosApp/iosApp/AppIconBridge.m normal arm64 objective-c com.apple.compilers.llvm.clang.1_0.compiler (in target 'iosApp' from project 'iosApp')
    cd /Users/runner/work/Nuvio-Xiec/Nuvio-Xiec/iosApp
    
    Using response file: /Users/runner/work/Nuvio-Xiec/Nuvio-Xiec/build/ios-device/Build/Intermediates.noindex/iosApp.build/Debug-iphoneos/iosApp.build/Objects-normal/arm64/e6072d4f65d7061329687fe24e3d63a7-common-args.resp
    
    builtin-ScanDependencies -o /Users/runner/work/Nuvio-Xiec/Nuvio-Xiec/build/ios-device/Build/Intermediates.noindex/iosApp.build/Debug-iphoneos/iosApp.build/Objects-normal/arm64/AppIconBridge.o.scan -- /Applications/Xcode_16.4.app/Contents/Developer/Toolchains/XcodeDefault.xctoolchain/usr/bin/clang -x objective-c -ivfsstatcache /Users/runner/work/Nuvio-Xiec/Nuvio-Xiec/build/ios-device/SDKStatCaches.noindex/iphoneos18.5-22F76-a529daf784b3616c7c04a36aeb7f5c05.sdkstatcache -fmessage-length\=0 -fdiagnostics-show-note-include-stack -fmacro-backtrace-limit\=0 -fno-color-diagnostics -fmodules-prune-interval\=86400 -fmodules-prune-after\=345600 -fbuild-session-file\=/Users/runner/work/Nuvio-Xiec/Nuvio-Xiec/build/ios-device/ModuleCache.noindex/Session.modulevalidation -fmodules-validate-once-per-build-session -Wnon-modular-include-in-framework-module -Werror\=non-modular-include-in-framework-module -Wno-trigraphs -Wno-missing-field-initializers -Wno-missing-prototypes -Werror\=return-type -Wdocumentation -Wunreachable-code -Wquoted-include-in-framework-header -Wno-implicit-atomic-properties -Werror\=deprecated-objc-isa-usage -Wno-objc-interface-ivars -Werror\=objc-root-class -Wno-arc-repeated-use-of-weak -Wimplicit-retain-self -Wduplicate-method-match -Wno-missing-braces -Wparentheses -Wswitch -Wunused-function -Wno-unused-label -Wno-unused-parameter -Wunused-variable -Wunused-value -Wempty-body -Wuninitialized -Wconditional-uninitialized -Wno-unknown-pragmas -Wno-shadow -Wno-four-char-constants -Wno-conversion -Wconstant-conversion -Wint-conversion -Wbool-conversion -Wenum-conversion -Wno-float-conversion -Wnon-literal-null-conversion -Wobjc-literal-conversion -Wshorten-64-to-32 -Wpointer-sign -Wno-newline-eof -Wno-selector -Wno-strict-selector-match -Wundeclared-selector -Wdeprecated-implementations -Wno-implicit-fallthrough -fstrict-aliasing -Wprotocol -Wdeprecated-declarations -Wno-sign-conversion -Winfinite-recursion -Wcomma -Wblock-capture-autoreleasing -Wstrict-prototypes -Wno-semicolon-before-method-body -Wunguarded-availability -index-store-path /Users/runner/work/Nuvio-Xiec/Nuvio-Xiec/build/ios-device/Index.noindex/DataStore @/Users/runner/work/Nuvio-Xiec/Nuvio-Xiec/build/ios-device/Build/Intermediates.noindex/iosApp.build/Debug-iphoneos/iosApp.build/Objects-normal/arm64/e6072d4f65d7061329687fe24e3d63a7-common-args.resp -MMD -MT dependencies -MF /Users/runner/work/Nuvio-Xiec/Nuvio-Xiec/build/ios-device/Build/Intermediates.noindex/iosApp.build/Debug-iphoneos/iosApp.build/Objects-normal/arm64/AppIconBridge.d --serialize-diagnostics /Users/runner/work/Nuvio-Xiec/Nuvio-Xiec/build/ios-device/Build/Intermediates.noindex/iosApp.build/Debug-iphoneos/iosApp.build/Objects-normal/arm64/AppIconBridge.dia -c /Users/runner/work/Nuvio-Xiec/Nuvio-Xiec/iosApp/iosApp/AppIconBridge.m -o /Users/runner/work/Nuvio-Xiec/Nuvio-Xiec/build/ios-device/Build/Intermediates.noindex/iosApp.build/Debug-iphoneos/iosApp.build/Objects-normal/arm64/AppIconBridge.o -index-unit-output-path /iosApp.build/Debug-iphoneos/iosApp.build/Objects-normal/arm64/AppIconBridge.o

PrecompileModule /Users/runner/work/Nuvio-Xiec/Nuvio-Xiec/build/ios-device/Build/Intermediates.noindex/ExplicitPrecompiledModules/_Builtin_stdbool-2RIQ8WNXFEFOZ78R86JDEQBY9.scan
    cd /Users/runner/work/Nuvio-Xiec/Nuvio-Xiec/iosApp
    builtin-precompileModule /Users/runner/work/Nuvio-Xiec/Nuvio-Xiec/build/ios-device/Build/Intermediates.noindex/ExplicitPrecompiledModules/_Builtin_stdbool-2RIQ8WNXFEFOZ78R86JDEQBY9.scan

PrecompileModule /Users/runner/work/Nuvio-Xiec/Nuvio-Xiec/build/ios-device/Build/Intermediates.noindex/ExplicitPrecompiledModules/_Builtin_iso646-KQ8OV8X8L5E3Y1SBURSWH5UV.scan
    cd /Users/runner/work/Nuvio-Xiec/Nuvio-Xiec/iosApp
    builtin-precompileModule /Users/runner/work/Nuvio-Xiec/Nuvio-Xiec/build/ios-device/Build/Intermediates.noindex/ExplicitPrecompiledModules/_Builtin_iso646-KQ8OV8X8L5E3Y1SBURSWH5UV.scan

SwiftDriverJobDiscovery normal arm64 Compiling AV01DirectResolver.swift, MetalLayer.swift, MPVPlayerBridge.swift (in target 'iosApp' from project 'iosApp')

PrecompileModule /Users/runner/work/Nuvio-Xiec/Nuvio-Xiec/build/ios-device/Build/Intermediates.noindex/ExplicitPrecompiledModules/os_availability_internal-2P5BLHJI2G91UVTOIVUF3F2BI.scan
    cd /Users/runner/work/Nuvio-Xiec/Nuvio-Xiec/iosApp
    builtin-precompileModule /Users/runner/work/Nuvio-Xiec/Nuvio-Xiec/build/ios-device/Build/Intermediates.noindex/ExplicitPrecompiledModules/os_availability_internal-2P5BLHJI2G91UVTOIVUF3F2BI.scan

PrecompileModule /Users/runner/work/Nuvio-Xiec/Nuvio-Xiec/build/ios-device/Build/Intermediates.noindex/ExplicitPrecompiledModules/_Builtin_stdarg-8T9CDW7AXA02MKWQCSWHST0OT.scan
    cd /Users/runner/work/Nuvio-Xiec/Nuvio-Xiec/iosApp
    builtin-precompileModule /Users/runner/work/Nuvio-Xiec/Nuvio-Xiec/build/ios-device/Build/Intermediates.noindex/ExplicitPrecompiledModules/_Builtin_stdarg-8T9CDW7AXA02MKWQCSWHST0OT.scan

PrecompileModule /Users/runner/work/Nuvio-Xiec/Nuvio-Xiec/build/ios-device/Build/Intermediates.noindex/ExplicitPrecompiledModules/_float-NUE1MXAR0RWQ2AXNT6KV8ZZI.scan
    cd /Users/runner/work/Nuvio-Xiec/Nuvio-Xiec/iosApp
    builtin-precompileModule /Users/runner/work/Nuvio-Xiec/Nuvio-Xiec/build/ios-device/Build/Intermediates.noindex/ExplicitPrecompiledModules/_float-NUE1MXAR0RWQ2AXNT6KV8ZZI.scan

PrecompileModule /Users/runner/work/Nuvio-Xiec/Nuvio-Xiec/build/ios-device/Build/Intermediates.noindex/ExplicitPrecompiledModules/ptrcheck-EW3PBEUK01P6H2ADCPSZ0HK6V.scan
    cd /Users/runner/work/Nuvio-Xiec/Nuvio-Xiec/iosApp
    builtin-precompileModule /Users/runner/work/Nuvio-Xiec/Nuvio-Xiec/build/ios-device/Build/Intermediates.noindex/ExplicitPrecompiledModules/ptrcheck-EW3PBEUK01P6H2ADCPSZ0HK6V.scan

PrecompileModule /Users/runner/work/Nuvio-Xiec/Nuvio-Xiec/build/ios-device/Build/Intermediates.noindex/ExplicitPrecompiledModules/ptrauth-BRW1YEBSN85E1739X1MDCSH7D.scan
    cd /Users/runner/work/Nuvio-Xiec/Nuvio-Xiec/iosApp
    builtin-precompileModule /Users/runner/work/Nuvio-Xiec/Nuvio-Xiec/build/ios-device/Build/Intermediates.noindex/ExplicitPrecompiledModules/ptrauth-BRW1YEBSN85E1739X1MDCSH7D.scan

SwiftDriverJobDiscovery normal arm64 Compiling NowPlayingController.swift, ContentView.swift, DownloadsLiveActivityManager.swift (in target 'iosApp' from project 'iosApp')

PrecompileModule /Users/runner/work/Nuvio-Xiec/Nuvio-Xiec/build/ios-device/Build/Intermediates.noindex/ExplicitPrecompiledModules/_fenv-AOYO80DTJK0LE725MKCNNM74Y.scan
    cd /Users/runner/work/Nuvio-Xiec/Nuvio-Xiec/iosApp
    builtin-precompileModule /Users/runner/work/Nuvio-Xiec/Nuvio-Xiec/build/ios-device/Build/Intermediates.noindex/ExplicitPrecompiledModules/_fenv-AOYO80DTJK0LE725MKCNNM74Y.scan

PrecompileModule /Users/runner/work/Nuvio-Xiec/Nuvio-Xiec/build/ios-device/Build/Intermediates.noindex/ExplicitPrecompiledModules/_Builtin_stddef-3XW2EV1B2ZBYEDLGW17KUMJ6E.scan
    cd /Users/runner/work/Nuvio-Xiec/Nuvio-Xiec/iosApp
    builtin-precompileModule /Users/runner/work/Nuvio-Xiec/Nuvio-Xiec/build/ios-device/Build/Intermediates.noindex/ExplicitPrecompiledModules/_Builtin_stddef-3XW2EV1B2ZBYEDLGW17KUMJ6E.scan

PrecompileModule /Users/runner/work/Nuvio-Xiec/Nuvio-Xiec/build/ios-device/Build/Intermediates.noindex/ExplicitPrecompiledModules/_Builtin_float-AMG3OH93OLLOBZGB4R30SD5HE.scan
    cd /Users/runner/work/Nuvio-Xiec/Nuvio-Xiec/iosApp
    builtin-precompileModule /Users/runner/work/Nuvio-Xiec/Nuvio-Xiec/build/ios-device/Build/Intermediates.noindex/ExplicitPrecompiledModules/_Builtin_float-AMG3OH93OLLOBZGB4R30SD5HE.scan

PrecompileModule /Users/runner/work/Nuvio-Xiec/Nuvio-Xiec/build/ios-device/Build/Intermediates.noindex/ExplicitPrecompiledModules/os_availability-CJTEBK5F2H4K33K139VVDY9ZY.scan
    cd /Users/runner/work/Nuvio-Xiec/Nuvio-Xiec/iosApp
    builtin-precompileModule /Users/runner/work/Nuvio-Xiec/Nuvio-Xiec/build/ios-device/Build/Intermediates.noindex/ExplicitPrecompiledModules/os_availability-CJTEBK5F2H4K33K139VVDY9ZY.scan

PrecompileModule /Users/runner/work/Nuvio-Xiec/Nuvio-Xiec/build/ios-device/Build/Intermediates.noindex/ExplicitPrecompiledModules/TargetConditionals-CNBJI38H9F41TJ9VRA4U5TTP8.scan
    cd /Users/runner/work/Nuvio-Xiec/Nuvio-Xiec/iosApp
    builtin-precompileModule /Users/runner/work/Nuvio-Xiec/Nuvio-Xiec/build/ios-device/Build/Intermediates.noindex/ExplicitPrecompiledModules/TargetConditionals-CNBJI38H9F41TJ9VRA4U5TTP8.scan

SwiftDriver\ Compilation iosApp normal arm64 com.apple.xcode.tools.swift.compiler (in target 'iosApp' from project 'iosApp')
    cd /Users/runner/work/Nuvio-Xiec/Nuvio-Xiec/iosApp
    builtin-Swift-Compilation -- /Applications/Xcode_16.4.app/Contents/Developer/Toolchains/XcodeDefault.xctoolchain/usr/bin/swiftc -module-name Nuvio -Onone -enforce-exclusivity\=checked @/Users/runner/work/Nuvio-Xiec/Nuvio-Xiec/build/ios-device/Build/Intermediates.noindex/iosApp.build/Debug-iphoneos/iosApp.build/Objects-normal/arm64/Nuvio.SwiftFileList -DDEBUG -Xcc -fmodule-map-file\=/Users/runner/work/Nuvio-Xiec/Nuvio-Xiec/build/ios-device/Build/Intermediates.noindex/GeneratedModuleMaps-iphoneos/_FFmpeg.modulemap -Xcc -fmodule-map-file\=/Users/runner/work/Nuvio-Xiec/Nuvio-Xiec/build/ios-device/Build/Intermediates.noindex/GeneratedModuleMaps-iphoneos/_MPVKit.modulemap -enable-bare-slash-regex -enable-experimental-feature DebugDescriptionMacro -sdk /Applications/Xcode_16.4.app/Contents/Developer/Platforms/iPhoneOS.platform/Developer/SDKs/iPhoneOS18.5.sdk -target arm64-apple-ios16.1 -g -module-cache-path /Users/runner/work/Nuvio-Xiec/Nuvio-Xiec/build/ios-device/ModuleCache.noindex -Xfrontend -serialize-debugging-options -enable-testing -index-store-path /Users/runner/work/Nuvio-Xiec/Nuvio-Xiec/build/ios-device/Index.noindex/DataStore -swift-version 5 -I /Users/runner/work/Nuvio-Xiec/Nuvio-Xiec/build/ios-device/Build/Products/Debug-iphoneos -F /Users/runner/work/Nuvio-Xiec/Nuvio-Xiec/build/ios-device/Build/Products/Debug-iphoneos/PackageFrameworks -F /Users/runner/work/Nuvio-Xiec/Nuvio-Xiec/build/ios-device/Build/Products/Debug-iphoneos/PackageFrameworks -F /Users/runner/work/Nuvio-Xiec/Nuvio-Xiec/build/ios-device/Build/Products/Debug-iphoneos -emit-localized-strings -emit-localized-strings-path /Users/runner/work/Nuvio-Xiec/Nuvio-Xiec/build/ios-device/Build/Intermediates.noindex/iosApp.build/Debug-iphoneos/iosApp.build/Objects-normal/arm64 -c -j3 -enable-batch-mode -incremental -Xcc -ivfsstatcache -Xcc /Users/runner/work/Nuvio-Xiec/Nuvio-Xiec/build/ios-device/SDKStatCaches.noindex/iphoneos18.5-22F76-a529daf784b3616c7c04a36aeb7f5c05.sdkstatcache -output-file-map /Users/runner/work/Nuvio-Xiec/Nuvio-Xiec/build/ios-device/Build/Intermediates.noindex/iosApp.build/Debug-iphoneos/iosApp.build/Objects-normal/arm64/iosApp-OutputFileMap.json -use-frontend-parseable-output -save-temps -no-color-diagnostics -serialize-diagnostics -emit-dependencies -emit-module -emit-module-path /Users/runner/work/Nuvio-Xiec/Nuvio-Xiec/build/ios-device/Build/Intermediates.noindex/iosApp.build/Debug-iphoneos/iosApp.build/Objects-normal/arm64/Nuvio.swiftmodule -validate-clang-modules-once -clang-build-session-file /Users/runner/work/Nuvio-Xiec/Nuvio-Xiec/build/ios-device/ModuleCache.noindex/Session.modulevalidation -Xcc -I/Users/runner/work/Nuvio-Xiec/Nuvio-Xiec/build/ios-device/Build/Intermediates.noindex/iosApp.build/Debug-iphoneos/iosApp.build/swift-overrides.hmap -emit-const-values -Xfrontend -const-gather-protocols-file -Xfrontend /Users/runner/work/Nuvio-Xiec/Nuvio-Xiec/build/ios-device/Build/Intermediates.noindex/iosApp.build/Debug-iphoneos/iosApp.build/Objects-normal/arm64/iosApp_const_extract_protocols.json -Xcc -iquote -Xcc /Users/runner/work/Nuvio-Xiec/Nuvio-Xiec/build/ios-device/Build/Intermediates.noindex/iosApp.build/Debug-iphoneos/iosApp.build/Nuvio-generated-files.hmap -Xcc -I/Users/runner/work/Nuvio-Xiec/Nuvio-Xiec/build/ios-device/Build/Intermediates.noindex/iosApp.build/Debug-iphoneos/iosApp.build/Nuvio-own-target-headers.hmap -Xcc -I/Users/runner/work/Nuvio-Xiec/Nuvio-Xiec/build/ios-device/Build/Intermediates.noindex/iosApp.build/Debug-iphoneos/iosApp.build/Nuvio-all-non-framework-target-headers.hmap -Xcc -ivfsoverlay -Xcc /Users/runner/work/Nuvio-Xiec/Nuvio-Xiec/build/ios-device/Build/Intermediates.noindex/iosApp.build/Debug-iphoneos/iosApp-7b79493a8b7fc1f2fff3c51cd12ba024-VFS-iphoneos/all-product-headers.yaml -Xcc -iquote -Xcc /Users/runner/work/Nuvio-Xiec/Nuvio-Xiec/build/ios-device/Build/Intermediates.noindex/iosApp.build/Debug-iphoneos/iosApp.build/Nuvio-project-headers.hmap -Xcc -I/Users/runner/work/Nuvio-Xiec/Nuvio-Xiec/MPVKit/Sources/_FFmpeg/include -Xcc -I/Users/runner/work/Nuvio-Xiec/Nuvio-Xiec/MPVKit/Sources/_MPVKit/include -Xcc -I/Users/runner/work/Nuvio-Xiec/Nuvio-Xiec/build/ios-device/Build/Products/Debug-iphoneos/include -Xcc -I/Users/runner/work/Nuvio-Xiec/Nuvio-Xiec/build/ios-device/Build/Intermediates.noindex/iosApp.build/Debug-iphoneos/iosApp.build/DerivedSources-normal/arm64 -Xcc -I/Users/runner/work/Nuvio-Xiec/Nuvio-Xiec/build/ios-device/Build/Intermediates.noindex/iosApp.build/Debug-iphoneos/iosApp.build/DerivedSources/arm64 -Xcc -I/Users/runner/work/Nuvio-Xiec/Nuvio-Xiec/build/ios-device/Build/Intermediates.noindex/iosApp.build/Debug-iphoneos/iosApp.build/DerivedSources -Xcc -DDEBUG\=1 -emit-objc-header -emit-objc-header-path /Users/runner/work/Nuvio-Xiec/Nuvio-Xiec/build/ios-device/Build/Intermediates.noindex/iosApp.build/Debug-iphoneos/iosApp.build/Objects-normal/arm64/Nuvio-Swift.h -working-directory /Users/runner/work/Nuvio-Xiec/Nuvio-Xiec/iosApp -experimental-emit-module-separately -disable-cmo

PrecompileModule /Users/runner/work/Nuvio-Xiec/Nuvio-Xiec/build/ios-device/Build/Intermediates.noindex/ExplicitPrecompiledModules/AvailabilityMacros-6EORDBHG7HH598M50TP4OZUO2.scan
    cd /Users/runner/work/Nuvio-Xiec/Nuvio-Xiec/iosApp
    builtin-precompileModule /Users/runner/work/Nuvio-Xiec/Nuvio-Xiec/build/ios-device/Build/Intermediates.noindex/ExplicitPrecompiledModules/AvailabilityMacros-6EORDBHG7HH598M50TP4OZUO2.scan

PrecompileModule /Users/runner/work/Nuvio-Xiec/Nuvio-Xiec/build/ios-device/Build/Intermediates.noindex/ExplicitPrecompiledModules/DarwinFoundation-B5Z6K5QBUMGZT8GXHDXHOLR3Y.scan
    cd /Users/runner/work/Nuvio-Xiec/Nuvio-Xiec/iosApp
    builtin-precompileModule /Users/runner/work/Nuvio-Xiec/Nuvio-Xiec/build/ios-device/Build/Intermediates.noindex/ExplicitPrecompiledModules/DarwinFoundation-B5Z6K5QBUMGZT8GXHDXHOLR3Y.scan

PrecompileModule /Users/runner/work/Nuvio-Xiec/Nuvio-Xiec/build/ios-device/Build/Intermediates.noindex/ExplicitPrecompiledModules/_strings-DC6BX5PXIC4TIEEIIRP4GADD7.scan
    cd /Users/runner/work/Nuvio-Xiec/Nuvio-Xiec/iosApp
    builtin-precompileModule /Users/runner/work/Nuvio-Xiec/Nuvio-Xiec/build/ios-device/Build/Intermediates.noindex/ExplicitPrecompiledModules/_strings-DC6BX5PXIC4TIEEIIRP4GADD7.scan

PrecompileModule /Users/runner/work/Nuvio-Xiec/Nuvio-Xiec/build/ios-device/Build/Intermediates.noindex/ExplicitPrecompiledModules/runetype-38RQTDJI9M6P0Z2CQGDRXQ6IS.scan
    cd /Users/runner/work/Nuvio-Xiec/Nuvio-Xiec/iosApp
    builtin-precompileModule /Users/runner/work/Nuvio-Xiec/Nuvio-Xiec/build/ios-device/Build/Intermediates.noindex/ExplicitPrecompiledModules/runetype-38RQTDJI9M6P0Z2CQGDRXQ6IS.scan

PrecompileModule /Users/runner/work/Nuvio-Xiec/Nuvio-Xiec/build/ios-device/Build/Intermediates.noindex/ExplicitPrecompiledModules/netinet_in-5RCIG915KVNLDDVKY57DQNVMA.scan
    cd /Users/runner/work/Nuvio-Xiec/Nuvio-Xiec/iosApp
    builtin-precompileModule /Users/runner/work/Nuvio-Xiec/Nuvio-Xiec/build/ios-device/Build/Intermediates.noindex/ExplicitPrecompiledModules/netinet_in-5RCIG915KVNLDDVKY57DQNVMA.scan

PrecompileModule /Users/runner/work/Nuvio-Xiec/Nuvio-Xiec/build/ios-device/Build/Intermediates.noindex/ExplicitPrecompiledModules/_stdint-B1DIPGKUZVLHEVDG6CT4YY6OD.scan
    cd /Users/runner/work/Nuvio-Xiec/Nuvio-Xiec/iosApp
    builtin-precompileModule /Users/runner/work/Nuvio-Xiec/Nuvio-Xiec/build/ios-device/Build/Intermediates.noindex/ExplicitPrecompiledModules/_stdint-B1DIPGKUZVLHEVDG6CT4YY6OD.scan

PrecompileModule /Users/runner/work/Nuvio-Xiec/Nuvio-Xiec/build/ios-device/Build/Intermediates.noindex/ExplicitPrecompiledModules/_math-926WF25OVF57DUK62PXNTG2E3.scan
    cd /Users/runner/work/Nuvio-Xiec/Nuvio-Xiec/iosApp
    builtin-precompileModule /Users/runner/work/Nuvio-Xiec/Nuvio-Xiec/build/ios-device/Build/Intermediates.noindex/ExplicitPrecompiledModules/_math-926WF25OVF57DUK62PXNTG2E3.scan

PrecompileModule /Users/runner/work/Nuvio-Xiec/Nuvio-Xiec/build/ios-device/Build/Intermediates.noindex/ExplicitPrecompiledModules/_limits-A9X1VRCTZOW4X9KVE0LEHD9IA.scan
    cd /Users/runner/work/Nuvio-Xiec/Nuvio-Xiec/iosApp
    builtin-precompileModule /Users/runner/work/Nuvio-Xiec/Nuvio-Xiec/build/ios-device/Build/Intermediates.noindex/ExplicitPrecompiledModules/_limits-A9X1VRCTZOW4X9KVE0LEHD9IA.scan

PrecompileModule /Users/runner/work/Nuvio-Xiec/Nuvio-Xiec/build/ios-device/Build/Intermediates.noindex/ExplicitPrecompiledModules/_ctype-8CSFGO9S0MTTVXA0LGMK8IFI8.scan
    cd /Users/runner/work/Nuvio-Xiec/Nuvio-Xiec/iosApp
    builtin-precompileModule /Users/runner/work/Nuvio-Xiec/Nuvio-Xiec/build/ios-device/Build/Intermediates.noindex/ExplicitPrecompiledModules/_ctype-8CSFGO9S0MTTVXA0LGMK8IFI8.scan

PrecompileModule /Users/runner/work/Nuvio-Xiec/Nuvio-Xiec/build/ios-device/Build/Intermediates.noindex/ExplicitPrecompiledModules/mach-20I1U92ZZDEO2FO0FOU98ZOTE.scan
    cd /Users/runner/work/Nuvio-Xiec/Nuvio-Xiec/iosApp
    builtin-precompileModule /Users/runner/work/Nuvio-Xiec/Nuvio-Xiec/build/ios-device/Build/Intermediates.noindex/ExplicitPrecompiledModules/mach-20I1U92ZZDEO2FO0FOU98ZOTE.scan

PrecompileModule /Users/runner/work/Nuvio-Xiec/Nuvio-Xiec/build/ios-device/Build/Intermediates.noindex/ExplicitPrecompiledModules/_Builtin_limits-ETCBND561V0032Q44HFH0H8MM.scan
    cd /Users/runner/work/Nuvio-Xiec/Nuvio-Xiec/iosApp
    builtin-precompileModule /Users/runner/work/Nuvio-Xiec/Nuvio-Xiec/build/ios-device/Build/Intermediates.noindex/ExplicitPrecompiledModules/_Builtin_limits-ETCBND561V0032Q44HFH0H8MM.scan

PrecompileModule /Users/runner/work/Nuvio-Xiec/Nuvio-Xiec/build/ios-device/Build/Intermediates.noindex/ExplicitPrecompiledModules/_sys_select-1F1B9QHPJDTDQ8T26HH3KVJI5.scan
    cd /Users/runner/work/Nuvio-Xiec/Nuvio-Xiec/iosApp
    builtin-precompileModule /Users/runner/work/Nuvio-Xiec/Nuvio-Xiec/build/ios-device/Build/Intermediates.noindex/ExplicitPrecompiledModules/_sys_select-1F1B9QHPJDTDQ8T26HH3KVJI5.scan

PrecompileModule /Users/runner/work/Nuvio-Xiec/Nuvio-Xiec/build/ios-device/Build/Intermediates.noindex/ExplicitPrecompiledModules/__wctype-ABNE0IW8A4353U0HX4CZ7HTFU.scan
    cd /Users/runner/work/Nuvio-Xiec/Nuvio-Xiec/iosApp
    builtin-precompileModule /Users/runner/work/Nuvio-Xiec/Nuvio-Xiec/build/ios-device/Build/Intermediates.noindex/ExplicitPrecompiledModules/__wctype-ABNE0IW8A4353U0HX4CZ7HTFU.scan

PrecompileModule /Users/runner/work/Nuvio-Xiec/Nuvio-Xiec/build/ios-device/Build/Intermediates.noindex/ExplicitPrecompiledModules/_setjmp-2S1F8M1JBN3NMWZRC94KZ9P5F.scan
    cd /Users/runner/work/Nuvio-Xiec/Nuvio-Xiec/iosApp
    builtin-precompileModule /Users/runner/work/Nuvio-Xiec/Nuvio-Xiec/build/ios-device/Build/Intermediates.noindex/ExplicitPrecompiledModules/_setjmp-2S1F8M1JBN3NMWZRC94KZ9P5F.scan

PrecompileModule /Users/runner/work/Nuvio-Xiec/Nuvio-Xiec/build/ios-device/Build/Intermediates.noindex/ExplicitPrecompiledModules/uuid-C5XUBPIRROTYRLYVBSHLVA7S9.scan
    cd /Users/runner/work/Nuvio-Xiec/Nuvio-Xiec/iosApp
    builtin-precompileModule /Users/runner/work/Nuvio-Xiec/Nuvio-Xiec/build/ios-device/Build/Intermediates.noindex/ExplicitPrecompiledModules/uuid-C5XUBPIRROTYRLYVBSHLVA7S9.scan

PrecompileModule /Users/runner/work/Nuvio-Xiec/Nuvio-Xiec/build/ios-device/Build/Intermediates.noindex/ExplicitPrecompiledModules/_Builtin_stdint-2J8O1829EGD0GJ9JDZ812LEUG.scan
    cd /Users/runner/work/Nuvio-Xiec/Nuvio-Xiec/iosApp
    builtin-precompileModule /Users/runner/work/Nuvio-Xiec/Nuvio-Xiec/build/ios-device/Build/Intermediates.noindex/ExplicitPrecompiledModules/_Builtin_stdint-2J8O1829EGD0GJ9JDZ812LEUG.scan

PrecompileModule /Users/runner/work/Nuvio-Xiec/Nuvio-Xiec/build/ios-device/Build/Intermediates.noindex/ExplicitPrecompiledModules/_wctype-EGPSTUIDLMY3JZTFURY88O83X.scan
    cd /Users/runner/work/Nuvio-Xiec/Nuvio-Xiec/iosApp
    builtin-precompileModule /Users/runner/work/Nuvio-Xiec/Nuvio-Xiec/build/ios-device/Build/Intermediates.noindex/ExplicitPrecompiledModules/_wctype-EGPSTUIDLMY3JZTFURY88O83X.scan

PrecompileModule /Users/runner/work/Nuvio-Xiec/Nuvio-Xiec/build/ios-device/Build/Intermediates.noindex/ExplicitPrecompiledModules/alloca-DOUOSILL8XFM6VHGWY5UTDRJQ.scan
    cd /Users/runner/work/Nuvio-Xiec/Nuvio-Xiec/iosApp
    builtin-precompileModule /Users/runner/work/Nuvio-Xiec/Nuvio-Xiec/build/ios-device/Build/Intermediates.noindex/ExplicitPrecompiledModules/alloca-DOUOSILL8XFM6VHGWY5UTDRJQ.scan

PrecompileModule /Users/runner/work/Nuvio-Xiec/Nuvio-Xiec/build/ios-device/Build/Intermediates.noindex/ExplicitPrecompiledModules/_locale-BMRGNWX9QQE9SS39E3OI2I97.scan
    cd /Users/runner/work/Nuvio-Xiec/Nuvio-Xiec/iosApp
    builtin-precompileModule /Users/runner/work/Nuvio-Xiec/Nuvio-Xiec/build/ios-device/Build/Intermediates.noindex/ExplicitPrecompiledModules/_locale-BMRGNWX9QQE9SS39E3OI2I97.scan

PrecompileModule /Users/runner/work/Nuvio-Xiec/Nuvio-Xiec/build/ios-device/Build/Intermediates.noindex/ExplicitPrecompiledModules/_inttypes-CQ28QGCMHXTTPSJWOM12YIYCB.scan
    cd /Users/runner/work/Nuvio-Xiec/Nuvio-Xiec/iosApp
    builtin-precompileModule /Users/runner/work/Nuvio-Xiec/Nuvio-Xiec/build/ios-device/Build/Intermediates.noindex/ExplicitPrecompiledModules/_inttypes-CQ28QGCMHXTTPSJWOM12YIYCB.scan

PrecompileModule /Users/runner/work/Nuvio-Xiec/Nuvio-Xiec/build/ios-device/Build/Intermediates.noindex/ExplicitPrecompiledModules/_Builtin_stdatomic-4Y4YFJQBXYHIZS2U1M8ZJQXB4.scan
    cd /Users/runner/work/Nuvio-Xiec/Nuvio-Xiec/iosApp
    builtin-precompileModule /Users/runner/work/Nuvio-Xiec/Nuvio-Xiec/build/ios-device/Build/Intermediates.noindex/ExplicitPrecompiledModules/_Builtin_stdatomic-4Y4YFJQBXYHIZS2U1M8ZJQXB4.scan

PrecompileModule /Users/runner/work/Nuvio-Xiec/Nuvio-Xiec/build/ios-device/Build/Intermediates.noindex/ExplicitPrecompiledModules/_useconds_t-5CBHEFTBW3XUUQWB3VY24TLJT.scan
    cd /Users/runner/work/Nuvio-Xiec/Nuvio-Xiec/iosApp
    builtin-precompileModule /Users/runner/work/Nuvio-Xiec/Nuvio-Xiec/build/ios-device/Build/Intermediates.noindex/ExplicitPrecompiledModules/_useconds_t-5CBHEFTBW3XUUQWB3VY24TLJT.scan

PrecompileModule /Users/runner/work/Nuvio-Xiec/Nuvio-Xiec/build/ios-device/Build/Intermediates.noindex/ExplicitPrecompiledModules/sys_time-4KMXQL7IT92EYLGJYIAOGBRQ1.scan
    cd /Users/runner/work/Nuvio-Xiec/Nuvio-Xiec/iosApp
    builtin-precompileModule /Users/runner/work/Nuvio-Xiec/Nuvio-Xiec/build/ios-device/Build/Intermediates.noindex/ExplicitPrecompiledModules/sys_time-4KMXQL7IT92EYLGJYIAOGBRQ1.scan

PrecompileModule /Users/runner/work/Nuvio-Xiec/Nuvio-Xiec/build/ios-device/Build/Intermediates.noindex/ExplicitPrecompiledModules/_Builtin_inttypes-CAMJGLR6MSNW5VZNE3GELZXU2.scan
    cd /Users/runner/work/Nuvio-Xiec/Nuvio-Xiec/iosApp
    builtin-precompileModule /Users/runner/work/Nuvio-Xiec/Nuvio-Xiec/build/ios-device/Build/Intermediates.noindex/ExplicitPrecompiledModules/_Builtin_inttypes-CAMJGLR6MSNW5VZNE3GELZXU2.scan

PrecompileModule /Users/runner/work/Nuvio-Xiec/Nuvio-Xiec/build/ios-device/Build/Intermediates.noindex/ExplicitPrecompiledModules/xlocale-F1RG0207HT1FPBVTMTD94VRO1.scan
    cd /Users/runner/work/Nuvio-Xiec/Nuvio-Xiec/iosApp
    builtin-precompileModule /Users/runner/work/Nuvio-Xiec/Nuvio-Xiec/build/ios-device/Build/Intermediates.noindex/ExplicitPrecompiledModules/xlocale-F1RG0207HT1FPBVTMTD94VRO1.scan

PrecompileModule /Users/runner/work/Nuvio-Xiec/Nuvio-Xiec/build/ios-device/Build/Intermediates.noindex/ExplicitPrecompiledModules/_complex-BATIA14Y9DCN1XQF8Z0LIPWF.scan
    cd /Users/runner/work/Nuvio-Xiec/Nuvio-Xiec/iosApp
    builtin-precompileModule /Users/runner/work/Nuvio-Xiec/Nuvio-Xiec/build/ios-device/Build/Intermediates.noindex/ExplicitPrecompiledModules/_complex-BATIA14Y9DCN1XQF8Z0LIPWF.scan

PrecompileModule /Users/runner/work/Nuvio-Xiec/Nuvio-Xiec/build/ios-device/Build/Intermediates.noindex/ExplicitPrecompiledModules/_assert-5S5OYSLMRBPFNOR8TJSX44EFO.scan
    cd /Users/runner/work/Nuvio-Xiec/Nuvio-Xiec/iosApp
    builtin-precompileModule /Users/runner/work/Nuvio-Xiec/Nuvio-Xiec/build/ios-device/Build/Intermediates.noindex/ExplicitPrecompiledModules/_assert-5S5OYSLMRBPFNOR8TJSX44EFO.scan

PrecompileModule /Users/runner/work/Nuvio-Xiec/Nuvio-Xiec/build/ios-device/Build/Intermediates.noindex/ExplicitPrecompiledModules/_errno-58ZN323QKS3MMI5DUQ7LHCO7P.scan
    cd /Users/runner/work/Nuvio-Xiec/Nuvio-Xiec/iosApp
    builtin-precompileModule /Users/runner/work/Nuvio-Xiec/Nuvio-Xiec/build/ios-device/Build/Intermediates.noindex/ExplicitPrecompiledModules/_errno-58ZN323QKS3MMI5DUQ7LHCO7P.scan

PrecompileModule /Users/runner/work/Nuvio-Xiec/Nuvio-Xiec/build/ios-device/Build/Intermediates.noindex/ExplicitPrecompiledModules/_tgmath-ALWHJF41G6VY6VUH57IEUPG4G.scan
    cd /Users/runner/work/Nuvio-Xiec/Nuvio-Xiec/iosApp
    builtin-precompileModule /Users/runner/work/Nuvio-Xiec/Nuvio-Xiec/build/ios-device/Build/Intermediates.noindex/ExplicitPrecompiledModules/_tgmath-ALWHJF41G6VY6VUH57IEUPG4G.scan

PrecompileModule /Users/runner/work/Nuvio-Xiec/Nuvio-Xiec/build/ios-device/Build/Intermediates.noindex/ExplicitPrecompiledModules/sys_types-EV8UYPGC1O599RP5BYG0UYVJ0.scan
    cd /Users/runner/work/Nuvio-Xiec/Nuvio-Xiec/iosApp
    builtin-precompileModule /Users/runner/work/Nuvio-Xiec/Nuvio-Xiec/build/ios-device/Build/Intermediates.noindex/ExplicitPrecompiledModules/sys_types-EV8UYPGC1O599RP5BYG0UYVJ0.scan

PrecompileModule /Users/runner/work/Nuvio-Xiec/Nuvio-Xiec/build/ios-device/Build/Intermediates.noindex/ExplicitPrecompiledModules/_Builtin_tgmath-8LE3X2KHBVLJNXJ7CENI0ZJH6.scan
    cd /Users/runner/work/Nuvio-Xiec/Nuvio-Xiec/iosApp
    builtin-precompileModule /Users/runner/work/Nuvio-Xiec/Nuvio-Xiec/build/ios-device/Build/Intermediates.noindex/ExplicitPrecompiledModules/_Builtin_tgmath-8LE3X2KHBVLJNXJ7CENI0ZJH6.scan

PrecompileModule /Users/runner/work/Nuvio-Xiec/Nuvio-Xiec/build/ios-device/Build/Intermediates.noindex/ExplicitPrecompiledModules/_time-CGPOCE344J6YMQWFFMMBHXEGA.scan
    cd /Users/runner/work/Nuvio-Xiec/Nuvio-Xiec/iosApp
    builtin-precompileModule /Users/runner/work/Nuvio-Xiec/Nuvio-Xiec/build/ios-device/Build/Intermediates.noindex/ExplicitPrecompiledModules/_time-CGPOCE344J6YMQWFFMMBHXEGA.scan

PrecompileModule /Users/runner/work/Nuvio-Xiec/Nuvio-Xiec/build/ios-device/Build/Intermediates.noindex/ExplicitPrecompiledModules/_string-2C2U1U2KW9G3WUB6FBT9L33QJ.scan
    cd /Users/runner/work/Nuvio-Xiec/Nuvio-Xiec/iosApp
    builtin-precompileModule /Users/runner/work/Nuvio-Xiec/Nuvio-Xiec/build/ios-device/Build/Intermediates.noindex/ExplicitPrecompiledModules/_string-2C2U1U2KW9G3WUB6FBT9L33QJ.scan

PrecompileModule /Users/runner/work/Nuvio-Xiec/Nuvio-Xiec/build/ios-device/Build/Intermediates.noindex/ExplicitPrecompiledModules/sys_resource-1C475JT4DP2BBWOGCFF1MD9MH.scan
    cd /Users/runner/work/Nuvio-Xiec/Nuvio-Xiec/iosApp
    builtin-precompileModule /Users/runner/work/Nuvio-Xiec/Nuvio-Xiec/build/ios-device/Build/Intermediates.noindex/ExplicitPrecompiledModules/sys_resource-1C475JT4DP2BBWOGCFF1MD9MH.scan

PrecompileModule /Users/runner/work/Nuvio-Xiec/Nuvio-Xiec/build/ios-device/Build/Intermediates.noindex/ExplicitPrecompiledModules/_signal-BD7M0OT0OW3KABQKLHFZ2S5FI.scan
    cd /Users/runner/work/Nuvio-Xiec/Nuvio-Xiec/iosApp
    builtin-precompileModule /Users/runner/work/Nuvio-Xiec/Nuvio-Xiec/build/ios-device/Build/Intermediates.noindex/ExplicitPrecompiledModules/_signal-BD7M0OT0OW3KABQKLHFZ2S5FI.scan

PrecompileModule /Users/runner/work/Nuvio-Xiec/Nuvio-Xiec/build/ios-device/Build/Intermediates.noindex/ExplicitPrecompiledModules/nl_types-CGQL8AE3EOPL0LTXKVSQZIEJU.scan
    cd /Users/runner/work/Nuvio-Xiec/Nuvio-Xiec/iosApp
    builtin-precompileModule /Users/runner/work/Nuvio-Xiec/Nuvio-Xiec/build/ios-device/Build/Intermediates.noindex/ExplicitPrecompiledModules/nl_types-CGQL8AE3EOPL0LTXKVSQZIEJU.scan

PrecompileModule /Users/runner/work/Nuvio-Xiec/Nuvio-Xiec/build/ios-device/Build/Intermediates.noindex/ExplicitPrecompiledModules/_stdio-4PDLWY4C7SHYBWS14UUD62EUF.scan
    cd /Users/runner/work/Nuvio-Xiec/Nuvio-Xiec/iosApp
    builtin-precompileModule /Users/runner/work/Nuvio-Xiec/Nuvio-Xiec/build/ios-device/Build/Intermediates.noindex/ExplicitPrecompiledModules/_stdio-4PDLWY4C7SHYBWS14UUD62EUF.scan

PrecompileModule /Users/runner/work/Nuvio-Xiec/Nuvio-Xiec/build/ios-device/Build/Intermediates.noindex/ExplicitPrecompiledModules/gethostuuid-B39K1RB10Z478G1TIYID9HUNJ.scan
    cd /Users/runner/work/Nuvio-Xiec/Nuvio-Xiec/iosApp
    builtin-precompileModule /Users/runner/work/Nuvio-Xiec/Nuvio-Xiec/build/ios-device/Build/Intermediates.noindex/ExplicitPrecompiledModules/gethostuuid-B39K1RB10Z478G1TIYID9HUNJ.scan

PrecompileModule /Users/runner/work/Nuvio-Xiec/Nuvio-Xiec/build/ios-device/Build/Intermediates.noindex/ExplicitPrecompiledModules/sys_wait-9GUT8DIE6WNS5W5KY6BDSFSUV.scan
    cd /Users/runner/work/Nuvio-Xiec/Nuvio-Xiec/iosApp
    builtin-precompileModule /Users/runner/work/Nuvio-Xiec/Nuvio-Xiec/build/ios-device/Build/Intermediates.noindex/ExplicitPrecompiledModules/sys_wait-9GUT8DIE6WNS5W5KY6BDSFSUV.scan

PrecompileModule /Users/runner/work/Nuvio-Xiec/Nuvio-Xiec/build/ios-device/Build/Intermediates.noindex/ExplicitPrecompiledModules/pthread-40CR7JH4Z5DQKXEXRU59UO74E.scan
    cd /Users/runner/work/Nuvio-Xiec/Nuvio-Xiec/iosApp
    builtin-precompileModule /Users/runner/work/Nuvio-Xiec/Nuvio-Xiec/build/ios-device/Build/Intermediates.noindex/ExplicitPrecompiledModules/pthread-40CR7JH4Z5DQKXEXRU59UO74E.scan

PrecompileModule /Users/runner/work/Nuvio-Xiec/Nuvio-Xiec/build/ios-device/Build/Intermediates.noindex/ExplicitPrecompiledModules/sys_select-F4J5OP56M434IOG23421ZXCSB.scan
    cd /Users/runner/work/Nuvio-Xiec/Nuvio-Xiec/iosApp
    builtin-precompileModule /Users/runner/work/Nuvio-Xiec/Nuvio-Xiec/build/ios-device/Build/Intermediates.noindex/ExplicitPrecompiledModules/sys_select-F4J5OP56M434IOG23421ZXCSB.scan

PrecompileModule /Users/runner/work/Nuvio-Xiec/Nuvio-Xiec/build/ios-device/Build/Intermediates.noindex/ExplicitPrecompiledModules/_wchar-936488MZV5E8X1AG2MWDQ2DJ3.scan
    cd /Users/runner/work/Nuvio-Xiec/Nuvio-Xiec/iosApp
    builtin-precompileModule /Users/runner/work/Nuvio-Xiec/Nuvio-Xiec/build/ios-device/Build/Intermediates.noindex/ExplicitPrecompiledModules/_wchar-936488MZV5E8X1AG2MWDQ2DJ3.scan

PrecompileModule /Users/runner/work/Nuvio-Xiec/Nuvio-Xiec/build/ios-device/Build/Intermediates.noindex/ExplicitPrecompiledModules/_stdlib-67LVLGJG2N4LBQ0PZ0KUNN6TO.scan
    cd /Users/runner/work/Nuvio-Xiec/Nuvio-Xiec/iosApp
    builtin-precompileModule /Users/runner/work/Nuvio-Xiec/Nuvio-Xiec/build/ios-device/Build/Intermediates.noindex/ExplicitPrecompiledModules/_stdlib-67LVLGJG2N4LBQ0PZ0KUNN6TO.scan

PrecompileModule /Users/runner/work/Nuvio-Xiec/Nuvio-Xiec/build/ios-device/Build/Intermediates.noindex/ExplicitPrecompiledModules/unistd-A5FG82ZWYS6QJCRWVPI04PEGB.scan
    cd /Users/runner/work/Nuvio-Xiec/Nuvio-Xiec/iosApp
    builtin-precompileModule /Users/runner/work/Nuvio-Xiec/Nuvio-Xiec/build/ios-device/Build/Intermediates.noindex/ExplicitPrecompiledModules/unistd-A5FG82ZWYS6QJCRWVPI04PEGB.scan

PrecompileModule /Users/runner/work/Nuvio-Xiec/Nuvio-Xiec/build/ios-device/Build/Intermediates.noindex/ExplicitPrecompiledModules/Darwin-UHCHPM1M9FFTICJ71GWLK805.scan
    cd /Users/runner/work/Nuvio-Xiec/Nuvio-Xiec/iosApp
    builtin-precompileModule /Users/runner/work/Nuvio-Xiec/Nuvio-Xiec/build/ios-device/Build/Intermediates.noindex/ExplicitPrecompiledModules/Darwin-UHCHPM1M9FFTICJ71GWLK805.scan

PrecompileModule /Users/runner/work/Nuvio-Xiec/Nuvio-Xiec/build/ios-device/Build/Intermediates.noindex/ExplicitPrecompiledModules/ObjectiveC-A1V8KL1NIULM87BUR5ICPNZQ.scan
    cd /Users/runner/work/Nuvio-Xiec/Nuvio-Xiec/iosApp
    builtin-precompileModule /Users/runner/work/Nuvio-Xiec/Nuvio-Xiec/build/ios-device/Build/Intermediates.noindex/ExplicitPrecompiledModules/ObjectiveC-A1V8KL1NIULM87BUR5ICPNZQ.scan

PrecompileModule /Users/runner/work/Nuvio-Xiec/Nuvio-Xiec/build/ios-device/Build/Intermediates.noindex/ExplicitPrecompiledModules/os_object-BEMRNTPQCA5R9JB7L6IACOJTD.scan
    cd /Users/runner/work/Nuvio-Xiec/Nuvio-Xiec/iosApp
    builtin-precompileModule /Users/runner/work/Nuvio-Xiec/Nuvio-Xiec/build/ios-device/Build/Intermediates.noindex/ExplicitPrecompiledModules/os_object-BEMRNTPQCA5R9JB7L6IACOJTD.scan

PrecompileModule /Users/runner/work/Nuvio-Xiec/Nuvio-Xiec/build/ios-device/Build/Intermediates.noindex/ExplicitPrecompiledModules/os_workgroup-ESKJGN2FJBSHWR870CUXZNC3E.scan
    cd /Users/runner/work/Nuvio-Xiec/Nuvio-Xiec/iosApp
    builtin-precompileModule /Users/runner/work/Nuvio-Xiec/Nuvio-Xiec/build/ios-device/Build/Intermediates.noindex/ExplicitPrecompiledModules/os_workgroup-ESKJGN2FJBSHWR870CUXZNC3E.scan

PrecompileModule /Users/runner/work/Nuvio-Xiec/Nuvio-Xiec/build/ios-device/Build/Intermediates.noindex/ExplicitPrecompiledModules/Dispatch-85RXN6LGOHZHLU5HPP7PF4BEK.scan
    cd /Users/runner/work/Nuvio-Xiec/Nuvio-Xiec/iosApp
    builtin-precompileModule /Users/runner/work/Nuvio-Xiec/Nuvio-Xiec/build/ios-device/Build/Intermediates.noindex/ExplicitPrecompiledModules/Dispatch-85RXN6LGOHZHLU5HPP7PF4BEK.scan

PrecompileModule /Users/runner/work/Nuvio-Xiec/Nuvio-Xiec/build/ios-device/Build/Intermediates.noindex/ExplicitPrecompiledModules/CoreFoundation-82YAS207K6CMO3HU0U2ZN6LH6.scan
    cd /Users/runner/work/Nuvio-Xiec/Nuvio-Xiec/iosApp
    builtin-precompileModule /Users/runner/work/Nuvio-Xiec/Nuvio-Xiec/build/ios-device/Build/Intermediates.noindex/ExplicitPrecompiledModules/CoreFoundation-82YAS207K6CMO3HU0U2ZN6LH6.scan

PrecompileModule /Users/runner/work/Nuvio-Xiec/Nuvio-Xiec/build/ios-device/Build/Intermediates.noindex/ExplicitPrecompiledModules/XPC-1LWRAAC3WEG3PS0Y2W8PMB7RD.scan
    cd /Users/runner/work/Nuvio-Xiec/Nuvio-Xiec/iosApp
    builtin-precompileModule /Users/runner/work/Nuvio-Xiec/Nuvio-Xiec/build/ios-device/Build/Intermediates.noindex/ExplicitPrecompiledModules/XPC-1LWRAAC3WEG3PS0Y2W8PMB7RD.scan

PrecompileModule /Users/runner/work/Nuvio-Xiec/Nuvio-Xiec/build/ios-device/Build/Intermediates.noindex/ExplicitPrecompiledModules/CFNetwork-EM5ZFYLZ4MBYP5SX7G6ABG0N2.scan
    cd /Users/runner/work/Nuvio-Xiec/Nuvio-Xiec/iosApp
    builtin-precompileModule /Users/runner/work/Nuvio-Xiec/Nuvio-Xiec/build/ios-device/Build/Intermediates.noindex/ExplicitPrecompiledModules/CFNetwork-EM5ZFYLZ4MBYP5SX7G6ABG0N2.scan

PrecompileModule /Users/runner/work/Nuvio-Xiec/Nuvio-Xiec/build/ios-device/Build/Intermediates.noindex/ExplicitPrecompiledModules/CoreGraphics-425TRB0LRCCYZTH3LLKPOJTKP.scan
    cd /Users/runner/work/Nuvio-Xiec/Nuvio-Xiec/iosApp
    builtin-precompileModule /Users/runner/work/Nuvio-Xiec/Nuvio-Xiec/build/ios-device/Build/Intermediates.noindex/ExplicitPrecompiledModules/CoreGraphics-425TRB0LRCCYZTH3LLKPOJTKP.scan

PrecompileModule /Users/runner/work/Nuvio-Xiec/Nuvio-Xiec/build/ios-device/Build/Intermediates.noindex/ExplicitPrecompiledModules/Security-AT1KIKJLTL466X6KE8UY9TIFD.scan
    cd /Users/runner/work/Nuvio-Xiec/Nuvio-Xiec/iosApp
    builtin-precompileModule /Users/runner/work/Nuvio-Xiec/Nuvio-Xiec/build/ios-device/Build/Intermediates.noindex/ExplicitPrecompiledModules/Security-AT1KIKJLTL466X6KE8UY9TIFD.scan

PrecompileModule /Users/runner/work/Nuvio-Xiec/Nuvio-Xiec/build/ios-device/Build/Intermediates.noindex/ExplicitPrecompiledModules/Foundation-C8A4D0ZU7O6GQ9QL7RV0ZPUW0.scan
    cd /Users/runner/work/Nuvio-Xiec/Nuvio-Xiec/iosApp
    builtin-precompileModule /Users/runner/work/Nuvio-Xiec/Nuvio-Xiec/build/ios-device/Build/Intermediates.noindex/ExplicitPrecompiledModules/Foundation-C8A4D0ZU7O6GQ9QL7RV0ZPUW0.scan

PrecompileModule /Users/runner/work/Nuvio-Xiec/Nuvio-Xiec/build/ios-device/Build/Intermediates.noindex/ExplicitPrecompiledModules/CoreText-EZMHAIL9VU0N5KOGSQ0LA50R7.scan
    cd /Users/runner/work/Nuvio-Xiec/Nuvio-Xiec/iosApp
    builtin-precompileModule /Users/runner/work/Nuvio-Xiec/Nuvio-Xiec/build/ios-device/Build/Intermediates.noindex/ExplicitPrecompiledModules/CoreText-EZMHAIL9VU0N5KOGSQ0LA50R7.scan

PrecompileModule /Users/runner/work/Nuvio-Xiec/Nuvio-Xiec/build/ios-device/Build/Intermediates.noindex/ExplicitPrecompiledModules/ImageIO-DPRX87CEEHH0UKCUK8PNBBGNK.scan
    cd /Users/runner/work/Nuvio-Xiec/Nuvio-Xiec/iosApp
    builtin-precompileModule /Users/runner/work/Nuvio-Xiec/Nuvio-Xiec/build/ios-device/Build/Intermediates.noindex/ExplicitPrecompiledModules/ImageIO-DPRX87CEEHH0UKCUK8PNBBGNK.scan

PrecompileModule /Users/runner/work/Nuvio-Xiec/Nuvio-Xiec/build/ios-device/Build/Intermediates.noindex/ExplicitPrecompiledModules/IOSurface-5WID3BWD8UOMG7CDEBV88URWL.scan
    cd /Users/runner/work/Nuvio-Xiec/Nuvio-Xiec/iosApp
    builtin-precompileModule /Users/runner/work/Nuvio-Xiec/Nuvio-Xiec/build/ios-device/Build/Intermediates.noindex/ExplicitPrecompiledModules/IOSurface-5WID3BWD8UOMG7CDEBV88URWL.scan

PrecompileModule /Users/runner/work/Nuvio-Xiec/Nuvio-Xiec/build/ios-device/Build/Intermediates.noindex/ExplicitPrecompiledModules/FileProvider-E06P25PB3DQB12ID6MUP97CZI.scan
    cd /Users/runner/work/Nuvio-Xiec/Nuvio-Xiec/iosApp
    builtin-precompileModule /Users/runner/work/Nuvio-Xiec/Nuvio-Xiec/build/ios-device/Build/Intermediates.noindex/ExplicitPrecompiledModules/FileProvider-E06P25PB3DQB12ID6MUP97CZI.scan

PrecompileModule /Users/runner/work/Nuvio-Xiec/Nuvio-Xiec/build/ios-device/Build/Intermediates.noindex/ExplicitPrecompiledModules/UserNotifications-1LD85KQOV2PEK9B16O8WBHBT2.scan
    cd /Users/runner/work/Nuvio-Xiec/Nuvio-Xiec/iosApp
    builtin-precompileModule /Users/runner/work/Nuvio-Xiec/Nuvio-Xiec/build/ios-device/Build/Intermediates.noindex/ExplicitPrecompiledModules/UserNotifications-1LD85KQOV2PEK9B16O8WBHBT2.scan

PrecompileModule /Users/runner/work/Nuvio-Xiec/Nuvio-Xiec/build/ios-device/Build/Intermediates.noindex/ExplicitPrecompiledModules/Symbols-7HNWH3AKI0AQ37VWI0YM5KG0T.scan
    cd /Users/runner/work/Nuvio-Xiec/Nuvio-Xiec/iosApp
    builtin-precompileModule /Users/runner/work/Nuvio-Xiec/Nuvio-Xiec/build/ios-device/Build/Intermediates.noindex/ExplicitPrecompiledModules/Symbols-7HNWH3AKI0AQ37VWI0YM5KG0T.scan

PrecompileModule /Users/runner/work/Nuvio-Xiec/Nuvio-Xiec/build/ios-device/Build/Intermediates.noindex/ExplicitPrecompiledModules/OpenGLES-9J5XNBMXSSG0THI53YRFONE8S.scan
    cd /Users/runner/work/Nuvio-Xiec/Nuvio-Xiec/iosApp
    builtin-precompileModule /Users/runner/work/Nuvio-Xiec/Nuvio-Xiec/build/ios-device/Build/Intermediates.noindex/ExplicitPrecompiledModules/OpenGLES-9J5XNBMXSSG0THI53YRFONE8S.scan

PrecompileModule /Users/runner/work/Nuvio-Xiec/Nuvio-Xiec/build/ios-device/Build/Intermediates.noindex/ExplicitPrecompiledModules/Metal-96V4TTUKQUEYBSDGUPM3YRBTP.scan
    cd /Users/runner/work/Nuvio-Xiec/Nuvio-Xiec/iosApp
    builtin-precompileModule /Users/runner/work/Nuvio-Xiec/Nuvio-Xiec/build/ios-device/Build/Intermediates.noindex/ExplicitPrecompiledModules/Metal-96V4TTUKQUEYBSDGUPM3YRBTP.scan

PrecompileModule /Users/runner/work/Nuvio-Xiec/Nuvio-Xiec/build/ios-device/Build/Intermediates.noindex/ExplicitPrecompiledModules/CoreVideo-220MB03Z68C2I91WB45NCNQJC.scan
    cd /Users/runner/work/Nuvio-Xiec/Nuvio-Xiec/iosApp
    builtin-precompileModule /Users/runner/work/Nuvio-Xiec/Nuvio-Xiec/build/ios-device/Build/Intermediates.noindex/ExplicitPrecompiledModules/CoreVideo-220MB03Z68C2I91WB45NCNQJC.scan

PrecompileModule /Users/runner/work/Nuvio-Xiec/Nuvio-Xiec/build/ios-device/Build/Intermediates.noindex/ExplicitPrecompiledModules/QuartzCore-78A3YOBB3JJKY92RORQ25PNFF.scan
    cd /Users/runner/work/Nuvio-Xiec/Nuvio-Xiec/iosApp
    builtin-precompileModule /Users/runner/work/Nuvio-Xiec/Nuvio-Xiec/build/ios-device/Build/Intermediates.noindex/ExplicitPrecompiledModules/QuartzCore-78A3YOBB3JJKY92RORQ25PNFF.scan

PrecompileModule /Users/runner/work/Nuvio-Xiec/Nuvio-Xiec/build/ios-device/Build/Intermediates.noindex/ExplicitPrecompiledModules/CoreImage-8KHMQMO3TOH1H13RB5EW84FYK.scan
    cd /Users/runner/work/Nuvio-Xiec/Nuvio-Xiec/iosApp
    builtin-precompileModule /Users/runner/work/Nuvio-Xiec/Nuvio-Xiec/build/ios-device/Build/Intermediates.noindex/ExplicitPrecompiledModules/CoreImage-8KHMQMO3TOH1H13RB5EW84FYK.scan

PrecompileModule /Users/runner/work/Nuvio-Xiec/Nuvio-Xiec/build/ios-device/Build/Intermediates.noindex/ExplicitPrecompiledModules/UIKit-3KYSBB0M8CATYI2W4I0HHJ1LZ.scan
    cd /Users/runner/work/Nuvio-Xiec/Nuvio-Xiec/iosApp
    builtin-precompileModule /Users/runner/work/Nuvio-Xiec/Nuvio-Xiec/build/ios-device/Build/Intermediates.noindex/ExplicitPrecompiledModules/UIKit-3KYSBB0M8CATYI2W4I0HHJ1LZ.scan

CompileC /Users/runner/work/Nuvio-Xiec/Nuvio-Xiec/build/ios-device/Build/Intermediates.noindex/iosApp.build/Debug-iphoneos/iosApp.build/Objects-normal/arm64/AppIconBridge.o /Users/runner/work/Nuvio-Xiec/Nuvio-Xiec/iosApp/iosApp/AppIconBridge.m normal arm64 objective-c com.apple.compilers.llvm.clang.1_0.compiler (in target 'iosApp' from project 'iosApp')
    cd /Users/runner/work/Nuvio-Xiec/Nuvio-Xiec/iosApp
    
    Using response file: /Users/runner/work/Nuvio-Xiec/Nuvio-Xiec/build/ios-device/Build/Intermediates.noindex/iosApp.build/Debug-iphoneos/iosApp.build/Objects-normal/arm64/e6072d4f65d7061329687fe24e3d63a7-common-args.resp
    
    /Applications/Xcode_16.4.app/Contents/Developer/Toolchains/XcodeDefault.xctoolchain/usr/bin/clang -x objective-c -ivfsstatcache /Users/runner/work/Nuvio-Xiec/Nuvio-Xiec/build/ios-device/SDKStatCaches.noindex/iphoneos18.5-22F76-a529daf784b3616c7c04a36aeb7f5c05.sdkstatcache -fmessage-length\=0 -fdiagnostics-show-note-include-stack -fmacro-backtrace-limit\=0 -fno-color-diagnostics -fmodules-prune-interval\=86400 -fmodules-prune-after\=345600 -fbuild-session-file\=/Users/runner/work/Nuvio-Xiec/Nuvio-Xiec/build/ios-device/ModuleCache.noindex/Session.modulevalidation -fmodules-validate-once-per-build-session -Wnon-modular-include-in-framework-module -Werror\=non-modular-include-in-framework-module -Wno-trigraphs -Wno-missing-field-initializers -Wno-missing-prototypes -Werror\=return-type -Wdocumentation -Wunreachable-code -Wquoted-include-in-framework-header -Wno-implicit-atomic-properties -Werror\=deprecated-objc-isa-usage -Wno-objc-interface-ivars -Werror\=objc-root-class -Wno-arc-repeated-use-of-weak -Wimplicit-retain-self -Wduplicate-method-match -Wno-missing-braces -Wparentheses -Wswitch -Wunused-function -Wno-unused-label -Wno-unused-parameter -Wunused-variable -Wunused-value -Wempty-body -Wuninitialized -Wconditional-uninitialized -Wno-unknown-pragmas -Wno-shadow -Wno-four-char-constants -Wno-conversion -Wconstant-conversion -Wint-conversion -Wbool-conversion -Wenum-conversion -Wno-float-conversion -Wnon-literal-null-conversion -Wobjc-literal-conversion -Wshorten-64-to-32 -Wpointer-sign -Wno-newline-eof -Wno-selector -Wno-strict-selector-match -Wundeclared-selector -Wdeprecated-implementations -Wno-implicit-fallthrough -fstrict-aliasing -Wprotocol -Wdeprecated-declarations -Wno-sign-conversion -Winfinite-recursion -Wcomma -Wblock-capture-autoreleasing -Wstrict-prototypes -Wno-semicolon-before-method-body -Wunguarded-availability -index-store-path /Users/runner/work/Nuvio-Xiec/Nuvio-Xiec/build/ios-device/Index.noindex/DataStore @/Users/runner/work/Nuvio-Xiec/Nuvio-Xiec/build/ios-device/Build/Intermediates.noindex/iosApp.build/Debug-iphoneos/iosApp.build/Objects-normal/arm64/e6072d4f65d7061329687fe24e3d63a7-common-args.resp -MMD -MT dependencies -MF /Users/runner/work/Nuvio-Xiec/Nuvio-Xiec/build/ios-device/Build/Intermediates.noindex/iosApp.build/Debug-iphoneos/iosApp.build/Objects-normal/arm64/AppIconBridge.d --serialize-diagnostics /Users/runner/work/Nuvio-Xiec/Nuvio-Xiec/build/ios-device/Build/Intermediates.noindex/iosApp.build/Debug-iphoneos/iosApp.build/Objects-normal/arm64/AppIconBridge.dia -c /Users/runner/work/Nuvio-Xiec/Nuvio-Xiec/iosApp/iosApp/AppIconBridge.m -o /Users/runner/work/Nuvio-Xiec/Nuvio-Xiec/build/ios-device/Build/Intermediates.noindex/iosApp.build/Debug-iphoneos/iosApp.build/Objects-normal/arm64/AppIconBridge.o -index-unit-output-path /iosApp.build/Debug-iphoneos/iosApp.build/Objects-normal/arm64/AppIconBridge.o

Ld /Users/runner/work/Nuvio-Xiec/Nuvio-Xiec/build/ios-device/Build/Products/Debug-iphoneos/Nuvio.app/Nuvio.debug.dylib normal (in target 'iosApp' from project 'iosApp')
    cd /Users/runner/work/Nuvio-Xiec/Nuvio-Xiec/iosApp
    /Applications/Xcode_16.4.app/Contents/Developer/Toolchains/XcodeDefault.xctoolchain/usr/bin/clang -Xlinker -reproducible -target arm64-apple-ios16.1 -dynamiclib -isysroot /Applications/Xcode_16.4.app/Contents/Developer/Platforms/iPhoneOS.platform/Developer/SDKs/iPhoneOS18.5.sdk -O0 -L/Users/runner/work/Nuvio-Xiec/Nuvio-Xiec/build/ios-device/Build/Intermediates.noindex/EagerLinkingTBDs/Debug-iphoneos -L/Users/runner/work/Nuvio-Xiec/Nuvio-Xiec/build/ios-device/Build/Products/Debug-iphoneos -F/Users/runner/work/Nuvio-Xiec/Nuvio-Xiec/build/ios-device/Build/Intermediates.noindex/EagerLinkingTBDs/Debug-iphoneos -F/Users/runner/work/Nuvio-Xiec/Nuvio-Xiec/build/ios-device/Build/Products/Debug-iphoneos/PackageFrameworks -F/Users/runner/work/Nuvio-Xiec/Nuvio-Xiec/build/ios-device/Build/Products/Debug-iphoneos/PackageFrameworks -F/Users/runner/work/Nuvio-Xiec/Nuvio-Xiec/build/ios-device/Build/Products/Debug-iphoneos -filelist /Users/runner/work/Nuvio-Xiec/Nuvio-Xiec/build/ios-device/Build/Intermediates.noindex/iosApp.build/Debug-iphoneos/iosApp.build/Objects-normal/arm64/Nuvio.LinkFileList -install_name @rpath/Nuvio.debug.dylib -Xlinker -rpath -Xlinker /Users/runner/work/Nuvio-Xiec/Nuvio-Xiec/build/ios-device/Build/Products/Debug-iphoneos/PackageFrameworks -Xlinker -rpath -Xlinker @executable_path/Frameworks -dead_strip -Xlinker -object_path_lto -Xlinker /Users/runner/work/Nuvio-Xiec/Nuvio-Xiec/build/ios-device/Build/Intermediates.noindex/iosApp.build/Debug-iphoneos/iosApp.build/Objects-normal/arm64/Nuvio_lto.o -rdynamic -Xlinker -no_deduplicate -Xlinker -dependency_info -Xlinker /Users/runner/work/Nuvio-Xiec/Nuvio-Xiec/build/ios-device/Build/Intermediates.noindex/iosApp.build/Debug-iphoneos/iosApp.build/Objects-normal/arm64/Nuvio_dependency_info.dat -fobjc-arc -fobjc-link-runtime -L/Applications/Xcode_16.4.app/Contents/Developer/Toolchains/XcodeDefault.xctoolchain/usr/lib/swift/iphoneos -L/usr/lib/swift -Xlinker -add_ast_path -Xlinker /Users/runner/work/Nuvio-Xiec/Nuvio-Xiec/build/ios-device/Build/Intermediates.noindex/iosApp.build/Debug-iphoneos/iosApp.build/Objects-normal/arm64/Nuvio.swiftmodule -Wl,-no_warn_duplicate_libraries -Wl,-no_warn_duplicate_libraries -framework SystemConfiguration -framework AVFoundation -framework CoreAudio -framework AudioToolbox -framework CoreVideo -framework CoreFoundation -framework CoreMedia -framework Metal -framework VideoToolbox -lbz2 -liconv -lexpat -lresolv -lxml2 -lz -lc++ -Xlinker -alias -Xlinker _main -Xlinker ___debug_main_executable_dylib_entry_point -framework Libmpv -framework Libavcodec -framework Libavdevice -framework Libavfilter -framework Libavformat -framework Libavutil -framework Libswresample -framework Libswscale -framework Libssl -framework Libcrypto -framework Libass -framework Libfreetype -framework Libfribidi -framework Libharfbuzz -lMoltenVK -framework Libshaderc_combined -framework lcms2 -framework Libplacebo -framework Libdovi -framework Libunibreak -framework gmp -framework nettle -framework hogweed -framework gnutls -framework Libdav1d -framework Libuavs3d -framework Libuchardet -framework Libbluray -o /Users/runner/work/Nuvio-Xiec/Nuvio-Xiec/build/ios-device/Build/Products/Debug-iphoneos/Nuvio.app/Nuvio.debug.dylib
ld: warning: object file (/Users/runner/work/Nuvio-Xiec/Nuvio-Xiec/build/ios-device/Build/Products/Debug-iphoneos/Libuavs3d.framework/Libuavs3d[arm64][19](alf_arm64.S.o)) was built for newer 'iOS' version (17.5) than being linked (16.1)
ld: warning: object file (/Users/runner/work/Nuvio-Xiec/Nuvio-Xiec/build/ios-device/Build/Products/Debug-iphoneos/Libuavs3d.framework/Libuavs3d[arm64][20](deblock_arm64.S.o)) was built for newer 'iOS' version (17.5) than being linked (16.1)
ld: warning: object file (/Users/runner/work/Nuvio-Xiec/Nuvio-Xiec/build/ios-device/Build/Products/Debug-iphoneos/Libuavs3d.framework/Libuavs3d[arm64][22](inter_pred_arm64.S.o)) was built for newer 'iOS' version (17.5) than being linked (16.1)
ld: warning: object file (/Users/runner/work/Nuvio-Xiec/Nuvio-Xiec/build/ios-device/Build/Products/Debug-iphoneos/Libuavs3d.framework/Libuavs3d[arm64][26](itrans_dct2_arm64.S.o)) was built for newer 'iOS' version (17.5) than being linked (16.1)
ld: warning: object file (/Users/runner/work/Nuvio-Xiec/Nuvio-Xiec/build/ios-device/Build/Products/Debug-iphoneos/Libuavs3d.framework/Libuavs3d[arm64][27](itrans_dct8_dst7_arm64.S.o)) was built for newer 'iOS' version (17.5) than being linked (16.1)
ld: warning: object file (/Users/runner/work/Nuvio-Xiec/Nuvio-Xiec/build/ios-device/Build/Products/Debug-iphoneos/Libuavs3d.framework/Libuavs3d[arm64][28](pixel_arm64.S.o)) was built for newer 'iOS' version (17.5) than being linked (16.1)
ld: warning: object file (/Users/runner/work/Nuvio-Xiec/Nuvio-Xiec/build/ios-device/Build/Products/Debug-iphoneos/Libuavs3d.framework/Libuavs3d[arm64][30](sao_kernel_arm64.S.o)) was built for newer 'iOS' version (17.5) than being linked (16.1)

ConstructStubExecutorLinkFileList /Users/runner/work/Nuvio-Xiec/Nuvio-Xiec/build/ios-device/Build/Intermediates.noindex/iosApp.build/Debug-iphoneos/iosApp.build/Nuvio-ExecutorLinkFileList-normal-arm64.txt (in target 'iosApp' from project 'iosApp')
    cd /Users/runner/work/Nuvio-Xiec/Nuvio-Xiec/iosApp
    construct-stub-executor-link-file-list /Users/runner/work/Nuvio-Xiec/Nuvio-Xiec/build/ios-device/Build/Products/Debug-iphoneos/Nuvio.app/Nuvio.debug.dylib /Applications/Xcode_16.4.app/Contents/Developer/Platforms/iPhoneOS.platform/Developer/usr/lib/libPreviewsJITStubExecutor_no_swift_entry_point.a /Applications/Xcode_16.4.app/Contents/Developer/Platforms/iPhoneOS.platform/Developer/usr/lib/libPreviewsJITStubExecutor.a --output /Users/runner/work/Nuvio-Xiec/Nuvio-Xiec/build/ios-device/Build/Intermediates.noindex/iosApp.build/Debug-iphoneos/iosApp.build/Nuvio-ExecutorLinkFileList-normal-arm64.txt
note: Using stub executor library with Swift entry point. (in target 'iosApp' from project 'iosApp')

Ld /Users/runner/work/Nuvio-Xiec/Nuvio-Xiec/build/ios-device/Build/Products/Debug-iphoneos/Nuvio.app/Nuvio normal (in target 'iosApp' from project 'iosApp')
    cd /Users/runner/work/Nuvio-Xiec/Nuvio-Xiec/iosApp
    /Applications/Xcode_16.4.app/Contents/Developer/Toolchains/XcodeDefault.xctoolchain/usr/bin/clang -Xlinker -reproducible -target arm64-apple-ios16.1 -isysroot /Applications/Xcode_16.4.app/Contents/Developer/Platforms/iPhoneOS.platform/Developer/SDKs/iPhoneOS18.5.sdk -O0 -L/Users/runner/work/Nuvio-Xiec/Nuvio-Xiec/build/ios-device/Build/Products/Debug-iphoneos -F/Users/runner/work/Nuvio-Xiec/Nuvio-Xiec/build/ios-device/Build/Products/Debug-iphoneos/PackageFrameworks -F/Users/runner/work/Nuvio-Xiec/Nuvio-Xiec/build/ios-device/Build/Products/Debug-iphoneos/PackageFrameworks -F/Users/runner/work/Nuvio-Xiec/Nuvio-Xiec/build/ios-device/Build/Products/Debug-iphoneos -Xlinker -rpath -Xlinker @executable_path -Xlinker -rpath -Xlinker /Users/runner/work/Nuvio-Xiec/Nuvio-Xiec/build/ios-device/Build/Products/Debug-iphoneos/PackageFrameworks -Xlinker -rpath -Xlinker @executable_path/Frameworks -rdynamic -Xlinker -no_deduplicate -e ___debug_blank_executor_main -Xlinker -sectcreate -Xlinker __TEXT -Xlinker __debug_dylib -Xlinker /Users/runner/work/Nuvio-Xiec/Nuvio-Xiec/build/ios-device/Build/Intermediates.noindex/iosApp.build/Debug-iphoneos/iosApp.build/Nuvio-DebugDylibPath-normal-arm64.txt -Xlinker -sectcreate -Xlinker __TEXT -Xlinker __debug_instlnm -Xlinker /Users/runner/work/Nuvio-Xiec/Nuvio-Xiec/build/ios-device/Build/Intermediates.noindex/iosApp.build/Debug-iphoneos/iosApp.build/Nuvio-DebugDylibInstallName-normal-arm64.txt -Xlinker -filelist -Xlinker /Users/runner/work/Nuvio-Xiec/Nuvio-Xiec/build/ios-device/Build/Intermediates.noindex/iosApp.build/Debug-iphoneos/iosApp.build/Nuvio-ExecutorLinkFileList-normal-arm64.txt /Users/runner/work/Nuvio-Xiec/Nuvio-Xiec/build/ios-device/Build/Products/Debug-iphoneos/Nuvio.app/Nuvio.debug.dylib -o /Users/runner/work/Nuvio-Xiec/Nuvio-Xiec/build/ios-device/Build/Products/Debug-iphoneos/Nuvio.app/Nuvio

Copy /Users/runner/work/Nuvio-Xiec/Nuvio-Xiec/build/ios-device/Build/Products/Debug-iphoneos/Nuvio.app/PlugIns/DownloadsWidgetExtension.appex /Users/runner/work/Nuvio-Xiec/Nuvio-Xiec/build/ios-device/Build/Products/Debug-iphoneos/DownloadsWidgetExtension.appex (in target 'iosApp' from project 'iosApp')
    cd /Users/runner/work/Nuvio-Xiec/Nuvio-Xiec/iosApp
    builtin-copy -exclude .DS_Store -exclude CVS -exclude .svn -exclude .git -exclude .hg -resolve-src-symlinks -remove-static-executable /Users/runner/work/Nuvio-Xiec/Nuvio-Xiec/build/ios-device/Build/Products/Debug-iphoneos/DownloadsWidgetExtension.appex /Users/runner/work/Nuvio-Xiec/Nuvio-Xiec/build/ios-device/Build/Products/Debug-iphoneos/Nuvio.app/PlugIns

ProcessInfoPlistFile /Users/runner/work/Nuvio-Xiec/Nuvio-Xiec/build/ios-device/Build/Products/Debug-iphoneos/Nuvio.app/Info.plist /Users/runner/work/Nuvio-Xiec/Nuvio-Xiec/iosApp/iosApp/Info.plist (in target 'iosApp' from project 'iosApp')
    cd /Users/runner/work/Nuvio-Xiec/Nuvio-Xiec/iosApp
    builtin-infoPlistUtility /Users/runner/work/Nuvio-Xiec/Nuvio-Xiec/iosApp/iosApp/Info.plist -producttype com.apple.product-type.application -genpkginfo /Users/runner/work/Nuvio-Xiec/Nuvio-Xiec/build/ios-device/Build/Products/Debug-iphoneos/Nuvio.app/PkgInfo -expandbuildsettings -format binary -platform iphoneos -additionalcontentfile /Users/runner/work/Nuvio-Xiec/Nuvio-Xiec/build/ios-device/Build/Intermediates.noindex/iosApp.build/Debug-iphoneos/iosApp.build/assetcatalog_generated_info.plist -scanforprivacyfile /Users/runner/work/Nuvio-Xiec/Nuvio-Xiec/build/ios-device/Build/Products/Debug-iphoneos/Nuvio.app/Frameworks/Libass.framework -scanforprivacyfile /Users/runner/work/Nuvio-Xiec/Nuvio-Xiec/build/ios-device/Build/Products/Debug-iphoneos/Nuvio.app/Frameworks/Libavcodec.framework -scanforprivacyfile /Users/runner/work/Nuvio-Xiec/Nuvio-Xiec/build/ios-device/Build/Products/Debug-iphoneos/Nuvio.app/Frameworks/Libavdevice.framework -scanforprivacyfile /Users/runner/work/Nuvio-Xiec/Nuvio-Xiec/build/ios-device/Build/Products/Debug-iphoneos/Nuvio.app/Frameworks/Libavfilter.framework -scanforprivacyfile /Users/runner/work/Nuvio-Xiec/Nuvio-Xiec/build/ios-device/Build/Products/Debug-iphoneos/Nuvio.app/Frameworks/Libavformat.framework -scanforprivacyfile /Users/runner/work/Nuvio-Xiec/Nuvio-Xiec/build/ios-device/Build/Products/Debug-iphoneos/Nuvio.app/Frameworks/Libavutil.framework -scanforprivacyfile /Users/runner/work/Nuvio-Xiec/Nuvio-Xiec/build/ios-device/Build/Products/Debug-iphoneos/Nuvio.app/Frameworks/Libbluray.framework -scanforprivacyfile /Users/runner/work/Nuvio-Xiec/Nuvio-Xiec/build/ios-device/Build/Products/Debug-iphoneos/Nuvio.app/Frameworks/Libcrypto.framework -scanforprivacyfile /Users/runner/work/Nuvio-Xiec/Nuvio-Xiec/build/ios-device/Build/Products/Debug-iphoneos/Nuvio.app/Frameworks/Libdav1d.framework -scanforprivacyfile /Users/runner/work/Nuvio-Xiec/Nuvio-Xiec/build/ios-device/Build/Products/Debug-iphoneos/Nuvio.app/Frameworks/Libdovi.framework -scanforprivacyfile /Users/runner/work/Nuvio-Xiec/Nuvio-Xiec/build/ios-device/Build/Products/Debug-iphoneos/Nuvio.app/Frameworks/Libfreetype.framework -scanforprivacyfile /Users/runner/work/Nuvio-Xiec/Nuvio-Xiec/build/ios-device/Build/Products/Debug-iphoneos/Nuvio.app/Frameworks/Libfribidi.framework -scanforprivacyfile /Users/runner/work/Nuvio-Xiec/Nuvio-Xiec/build/ios-device/Build/Products/Debug-iphoneos/Nuvio.app/Frameworks/Libharfbuzz.framework -scanforprivacyfile /Users/runner/work/Nuvio-Xiec/Nuvio-Xiec/build/ios-device/Build/Products/Debug-iphoneos/Nuvio.app/Frameworks/Libmpv.framework -scanforprivacyfile /Users/runner/work/Nuvio-Xiec/Nuvio-Xiec/build/ios-device/Build/Products/Debug-iphoneos/Nuvio.app/Frameworks/Libplacebo.framework -scanforprivacyfile /Users/runner/work/Nuvio-Xiec/Nuvio-Xiec/build/ios-device/Build/Products/Debug-iphoneos/Nuvio.app/Frameworks/Libshaderc_combined.framework -scanforprivacyfile /Users/runner/work/Nuvio-Xiec/Nuvio-Xiec/build/ios-device/Build/Products/Debug-iphoneos/Nuvio.app/Frameworks/Libssl.framework -scanforprivacyfile /Users/runner/work/Nuvio-Xiec/Nuvio-Xiec/build/ios-device/Build/Products/Debug-iphoneos/Nuvio.app/Frameworks/Libswresample.framework -scanforprivacyfile /Users/runner/work/Nuvio-Xiec/Nuvio-Xiec/build/ios-device/Build/Products/Debug-iphoneos/Nuvio.app/Frameworks/Libswscale.framework -scanforprivacyfile /Users/runner/work/Nuvio-Xiec/Nuvio-Xiec/build/ios-device/Build/Products/Debug-iphoneos/Nuvio.app/Frameworks/Libuavs3d.framework -scanforprivacyfile /Users/runner/work/Nuvio-Xiec/Nuvio-Xiec/build/ios-device/Build/Products/Debug-iphoneos/Nuvio.app/Frameworks/Libuchardet.framework -scanforprivacyfile /Users/runner/work/Nuvio-Xiec/Nuvio-Xiec/build/ios-device/Build/Products/Debug-iphoneos/Nuvio.app/Frameworks/Libunibreak.framework -scanforprivacyfile /Users/runner/work/Nuvio-Xiec/Nuvio-Xiec/build/ios-device/Build/Products/Debug-iphoneos/Nuvio.app/Frameworks/gmp.framework -scanforprivacyfile /Users/runner/work/Nuvio-Xiec/Nuvio-Xiec/build/ios-device/Build/Products/Debug-iphoneos/Nuvio.app/Frameworks/gnutls.framework -scanforprivacyfile /Users/runner/work/Nuvio-Xiec/Nuvio-Xiec/build/ios-device/Build/Products/Debug-iphoneos/Nuvio.app/Frameworks/hogweed.framework -scanforprivacyfile /Users/runner/work/Nuvio-Xiec/Nuvio-Xiec/build/ios-device/Build/Products/Debug-iphoneos/Nuvio.app/Frameworks/lcms2.framework -scanforprivacyfile /Users/runner/work/Nuvio-Xiec/Nuvio-Xiec/build/ios-device/Build/Products/Debug-iphoneos/Nuvio.app/Frameworks/nettle.framework -scanforprivacyfile /Users/runner/work/Nuvio-Xiec/Nuvio-Xiec/build/ios-device/Build/Products/Debug-iphoneos/Nuvio.app/PlugIns/DownloadsWidgetExtension.appex -requiredArchitecture arm64 -o /Users/runner/work/Nuvio-Xiec/Nuvio-Xiec/build/ios-device/Build/Products/Debug-iphoneos/Nuvio.app/Info.plist

CopySwiftLibs /Users/runner/work/Nuvio-Xiec/Nuvio-Xiec/build/ios-device/Build/Products/Debug-iphoneos/Nuvio.app (in target 'iosApp' from project 'iosApp')
    cd /Users/runner/work/Nuvio-Xiec/Nuvio-Xiec/iosApp
    builtin-swiftStdLibTool --copy --verbose --scan-executable /Users/runner/work/Nuvio-Xiec/Nuvio-Xiec/build/ios-device/Build/Products/Debug-iphoneos/Nuvio.app/Nuvio.debug.dylib --scan-folder /Users/runner/work/Nuvio-Xiec/Nuvio-Xiec/build/ios-device/Build/Products/Debug-iphoneos/Nuvio.app/Frameworks --scan-folder /Users/runner/work/Nuvio-Xiec/Nuvio-Xiec/build/ios-device/Build/Products/Debug-iphoneos/Nuvio.app/PlugIns --scan-folder /Users/runner/work/Nuvio-Xiec/Nuvio-Xiec/build/ios-device/Build/Products/Debug-iphoneos/Nuvio.app/SystemExtensions --scan-folder /Users/runner/work/Nuvio-Xiec/Nuvio-Xiec/build/ios-device/Build/Products/Debug-iphoneos/Nuvio.app/Extensions --platform iphoneos --toolchain /Applications/Xcode_16.4.app/Contents/Developer/Toolchains/XcodeDefault.xctoolchain --destination /Users/runner/work/Nuvio-Xiec/Nuvio-Xiec/build/ios-device/Build/Products/Debug-iphoneos/Nuvio.app/Frameworks --strip-bitcode --strip-bitcode-tool /Applications/Xcode_16.4.app/Contents/Developer/Toolchains/XcodeDefault.xctoolchain/usr/bin/bitcode_strip --emit-dependency-info /Users/runner/work/Nuvio-Xiec/Nuvio-Xiec/build/ios-device/Build/Intermediates.noindex/iosApp.build/Debug-iphoneos/iosApp.build/SwiftStdLibToolInputDependencies.dep --filter-for-swift-os
Ignoring --strip-bitcode because --sign was not passed

ExtractAppIntentsMetadata (in target 'iosApp' from project 'iosApp')
    cd /Users/runner/work/Nuvio-Xiec/Nuvio-Xiec/iosApp
    /Applications/Xcode_16.4.app/Contents/Developer/Toolchains/XcodeDefault.xctoolchain/usr/bin/appintentsmetadataprocessor --toolchain-dir /Applications/Xcode_16.4.app/Contents/Developer/Toolchains/XcodeDefault.xctoolchain --module-name Nuvio --sdk-root /Applications/Xcode_16.4.app/Contents/Developer/Platforms/iPhoneOS.platform/Developer/SDKs/iPhoneOS18.5.sdk --xcode-version 16F6 --platform-family iOS --deployment-target 16.1 --bundle-identifier com.nuvio.app --output /Users/runner/work/Nuvio-Xiec/Nuvio-Xiec/build/ios-device/Build/Products/Debug-iphoneos/Nuvio.app --target-triple arm64-apple-ios16.1 --binary-file /Users/runner/work/Nuvio-Xiec/Nuvio-Xiec/build/ios-device/Build/Products/Debug-iphoneos/Nuvio.app/Nuvio --dependency-file /Users/runner/work/Nuvio-Xiec/Nuvio-Xiec/build/ios-device/Build/Intermediates.noindex/iosApp.build/Debug-iphoneos/iosApp.build/Objects-normal/arm64/Nuvio_dependency_info.dat --stringsdata-file /Users/runner/work/Nuvio-Xiec/Nuvio-Xiec/build/ios-device/Build/Intermediates.noindex/iosApp.build/Debug-iphoneos/iosApp.build/Objects-normal/arm64/ExtractedAppShortcutsMetadata.stringsdata --source-file-list /Users/runner/work/Nuvio-Xiec/Nuvio-Xiec/build/ios-device/Build/Intermediates.noindex/iosApp.build/Debug-iphoneos/iosApp.build/Objects-normal/arm64/Nuvio.SwiftFileList --metadata-file-list /Users/runner/work/Nuvio-Xiec/Nuvio-Xiec/build/ios-device/Build/Intermediates.noindex/iosApp.build/Debug-iphoneos/iosApp.build/Nuvio.DependencyMetadataFileList --static-metadata-file-list /Users/runner/work/Nuvio-Xiec/Nuvio-Xiec/build/ios-device/Build/Intermediates.noindex/iosApp.build/Debug-iphoneos/iosApp.build/Nuvio.DependencyStaticMetadataFileList --swift-const-vals-list /Users/runner/work/Nuvio-Xiec/Nuvio-Xiec/build/ios-device/Build/Intermediates.noindex/iosApp.build/Debug-iphoneos/iosApp.build/Objects-normal/arm64/Nuvio.SwiftConstValuesFileList --compile-time-extraction --deployment-aware-processing --validate-assistant-intents --no-app-shortcuts-localization
2026-10-04 15:16:02.419 appintentsmetadataprocessor[28926:80139] Starting appintentsmetadataprocessor export
2026-10-04 15:16:02.427 appintentsmetadataprocessor[28926:80139] warning: Metadata extraction skipped. No AppIntents.framework dependency found.

ValidateEmbeddedBinary /Users/runner/work/Nuvio-Xiec/Nuvio-Xiec/build/ios-device/Build/Products/Debug-iphoneos/Nuvio.app/PlugIns/DownloadsWidgetExtension.appex (in target 'iosApp' from project 'iosApp')
    cd /Users/runner/work/Nuvio-Xiec/Nuvio-Xiec/iosApp
    /Applications/Xcode_16.4.app/Contents/Developer/usr/bin/embeddedBinaryValidationUtility /Users/runner/work/Nuvio-Xiec/Nuvio-Xiec/build/ios-device/Build/Products/Debug-iphoneos/Nuvio.app/PlugIns/DownloadsWidgetExtension.appex -info-plist-path /Users/runner/work/Nuvio-Xiec/Nuvio-Xiec/build/ios-device/Build/Products/Debug-iphoneos/Nuvio.app/Info.plist

AppIntentsSSUTraining (in target 'iosApp' from project 'iosApp')
    cd /Users/runner/work/Nuvio-Xiec/Nuvio-Xiec/iosApp
    /Applications/Xcode_16.4.app/Contents/Developer/Toolchains/XcodeDefault.xctoolchain/usr/bin/appintentsnltrainingprocessor --infoplist-path /Users/runner/work/Nuvio-Xiec/Nuvio-Xiec/build/ios-device/Build/Products/Debug-iphoneos/Nuvio.app/Info.plist --temp-dir-path /Users/runner/work/Nuvio-Xiec/Nuvio-Xiec/build/ios-device/Build/Intermediates.noindex/iosApp.build/Debug-iphoneos/iosApp.build/ssu --bundle-id com.nuvio.app --product-path /Users/runner/work/Nuvio-Xiec/Nuvio-Xiec/build/ios-device/Build/Products/Debug-iphoneos/Nuvio.app --extracted-metadata-path /Users/runner/work/Nuvio-Xiec/Nuvio-Xiec/build/ios-device/Build/Products/Debug-iphoneos/Nuvio.app/Metadata.appintents --metadata-file-list /Users/runner/work/Nuvio-Xiec/Nuvio-Xiec/build/ios-device/Build/Intermediates.noindex/iosApp.build/Debug-iphoneos/iosApp.build/Nuvio.DependencyMetadataFileList --archive-ssu-assets
2026-10-04 15:16:02.463 appintentsnltrainingprocessor[28970:80238] Parsing options for appintentsnltrainingprocessor
2026-10-04 15:16:02.464 appintentsnltrainingprocessor[28970:80238] No AppShortcuts found - Skipping.

RegisterExecutionPolicyException /Users/runner/work/Nuvio-Xiec/Nuvio-Xiec/build/ios-device/Build/Products/Debug-iphoneos/Nuvio.app (in target 'iosApp' from project 'iosApp')
    cd /Users/runner/work/Nuvio-Xiec/Nuvio-Xiec/iosApp
    builtin-RegisterExecutionPolicyException /Users/runner/work/Nuvio-Xiec/Nuvio-Xiec/build/ios-device/Build/Products/Debug-iphoneos/Nuvio.app

Validate /Users/runner/work/Nuvio-Xiec/Nuvio-Xiec/build/ios-device/Build/Products/Debug-iphoneos/Nuvio.app (in target 'iosApp' from project 'iosApp')
    cd /Users/runner/work/Nuvio-Xiec/Nuvio-Xiec/iosApp
    builtin-validationUtility /Users/runner/work/Nuvio-Xiec/Nuvio-Xiec/build/ios-device/Build/Products/Debug-iphoneos/Nuvio.app -infoplist-subpath Info.plist

Touch /Users/runner/work/Nuvio-Xiec/Nuvio-Xiec/build/ios-device/Build/Products/Debug-iphoneos/Nuvio.app (in target 'iosApp' from project 'iosApp')
    cd /Users/runner/work/Nuvio-Xiec/Nuvio-Xiec/iosApp
    /usr/bin/touch -c /Users/runner/work/Nuvio-Xiec/Nuvio-Xiec/build/ios-device/Build/Products/Debug-iphoneos/Nuvio.app

note: Run script build phase 'Compile Kotlin Framework' will be run during every build because the option to run the script phase "Based on dependency analysis" is unchecked. (in target 'iosApp' from project 'iosApp')
** BUILD SUCCEEDED **

